ISO-10303-21;
HEADER;
/* Generated by software containing ST-Developer
 * from STEP Tools, Inc. (www.steptools.com) 
 */
/* OPTION: using custom renumber hook */

FILE_DESCRIPTION(
/* description */ ('STEP AP214',
'CAx-IF Rec.Pracs.---User Defined Attributes---1.5---2016-08-15'),
/* implementation_level */ '2;1');

FILE_NAME(
/* name */ '6ac8bdae66247b2e217e4df9',
/* time_stamp */ '2026-10-09T10:10:56Z',
/* author */ (''),
/* organization */ (''),
/* preprocessor_version */ 'ST-DEVELOPER v20',
/* originating_system */ 'ONSHAPE BY PTC INC, 1.221',
/* authorisation */ '  ');

FILE_SCHEMA (('AUTOMOTIVE_DESIGN {1 0 10303 214 3 1 1}'));
ENDSEC;

DATA;
#10=PROPERTY_DEFINITION_REPRESENTATION(#14,#12);
#11=PROPERTY_DEFINITION_REPRESENTATION(#15,#13);
#12=REPRESENTATION('',(#16),#5619);
#13=REPRESENTATION('',(#17),#5619);
#14=PROPERTY_DEFINITION('pmi validation property','',#5624);
#15=PROPERTY_DEFINITION('pmi validation property','',#5624);
#16=VALUE_REPRESENTATION_ITEM('number of annotations',COUNT_MEASURE(0.));
#17=VALUE_REPRESENTATION_ITEM('number of views',COUNT_MEASURE(0.));
#18=SHAPE_REPRESENTATION_RELATIONSHIP('','',#3325,#19);
#19=ADVANCED_BREP_SHAPE_REPRESENTATION('',(#3323),#5619);
#20=B_SPLINE_CURVE_WITH_KNOTS('',3,(#5203,#5204,#5205,#5206,#5207,#5208),
 .UNSPECIFIED.,.F.,.F.,(4,1,1,4),(0.,0.25,0.5,1.),.UNSPECIFIED.);
#21=B_SPLINE_CURVE_WITH_KNOTS('',3,(#5209,#5210,#5211,#5212,#5213,#5214,
#5215,#5216,#5217),.UNSPECIFIED.,.F.,.F.,(4,1,1,1,1,1,4),(0.,0.125,0.25,
0.375,0.5,0.75,1.),.UNSPECIFIED.);
#22=B_SPLINE_CURVE_WITH_KNOTS('',3,(#5464,#5465,#5466,#5467,#5468,#5469),
 .UNSPECIFIED.,.F.,.F.,(4,1,1,4),(0.,0.5,0.75,1.),.UNSPECIFIED.);
#23=B_SPLINE_CURVE_WITH_KNOTS('',3,(#5470,#5471,#5472,#5473,#5474,#5475,
#5476,#5477,#5478),.UNSPECIFIED.,.F.,.F.,(4,1,1,1,1,1,4),(0.,0.25,0.5,0.625,
0.75,0.875,1.),.UNSPECIFIED.);
#24=B_SPLINE_SURFACE_WITH_KNOTS('',1,3,((#5143,#5144,#5145,#5146,#5147,
#5148,#5149,#5150,#5151,#5152,#5153,#5154,#5155,#5156,#5157,#5158,#5159,
#5160,#5161,#5162,#5163,#5164,#5165,#5166,#5167,#5168,#5169,#5170,#5171,
#5172),(#5173,#5174,#5175,#5176,#5177,#5178,#5179,#5180,#5181,#5182,#5183,
#5184,#5185,#5186,#5187,#5188,#5189,#5190,#5191,#5192,#5193,#5194,#5195,
#5196,#5197,#5198,#5199,#5200,#5201,#5202)),.RULED_SURF.,.F.,.F.,.F.,(2,
2),(4,2,2,2,2,2,2,2,2,2,2,2,2,2,4),(0.,1.),(0.,0.125,0.1875,0.21875,0.234375,
0.2421875,0.24609375,0.25,0.375,0.4375,0.46875,0.484375,0.5,0.75,1.),
 .UNSPECIFIED.);
#25=B_SPLINE_SURFACE_WITH_KNOTS('',1,3,((#5388,#5389,#5390,#5391,#5392,
#5393,#5394,#5395,#5396,#5397,#5398,#5399,#5400,#5401,#5402,#5403,#5404,
#5405,#5406,#5407,#5408,#5409,#5410,#5411,#5412,#5413,#5414,#5415,#5416,
#5417,#5418,#5419,#5420,#5421,#5422,#5423,#5424,#5425),(#5426,#5427,#5428,
#5429,#5430,#5431,#5432,#5433,#5434,#5435,#5436,#5437,#5438,#5439,#5440,
#5441,#5442,#5443,#5444,#5445,#5446,#5447,#5448,#5449,#5450,#5451,#5452,
#5453,#5454,#5455,#5456,#5457,#5458,#5459,#5460,#5461,#5462,#5463)),
 .RULED_SURF.,.F.,.F.,.F.,(2,2),(4,2,2,2,2,2,2,2,2,2,2,2,2,2,2,2,2,2,4),
(0.,1.),(0.,0.125,0.1875,0.21875,0.25,0.375,0.4375,0.46875,0.484375,0.4921875,
0.5,0.625,0.6875,0.71875,0.734375,0.7421875,0.74609375,0.75,1.),
 .UNSPECIFIED.);
#26=CYLINDRICAL_SURFACE('',#3376,0.003);
#27=CYLINDRICAL_SURFACE('',#3378,0.003);
#28=CYLINDRICAL_SURFACE('',#3385,0.00105);
#29=CYLINDRICAL_SURFACE('',#3386,0.00105);
#30=CYLINDRICAL_SURFACE('',#3387,0.0016);
#31=CYLINDRICAL_SURFACE('',#3388,0.0016);
#32=CYLINDRICAL_SURFACE('',#3389,0.0016);
#33=CYLINDRICAL_SURFACE('',#3390,0.0016);
#34=CYLINDRICAL_SURFACE('',#3391,0.00175);
#35=CYLINDRICAL_SURFACE('',#3392,0.00175);
#36=CYLINDRICAL_SURFACE('',#3393,0.00175);
#37=CYLINDRICAL_SURFACE('',#3398,0.000425);
#38=CYLINDRICAL_SURFACE('',#3402,0.000425);
#39=CYLINDRICAL_SURFACE('',#3405,0.000425);
#40=CYLINDRICAL_SURFACE('',#3410,0.000425);
#41=CYLINDRICAL_SURFACE('',#3414,0.000425);
#42=CYLINDRICAL_SURFACE('',#3417,0.000425);
#43=CYLINDRICAL_SURFACE('',#3431,0.00175);
#44=CYLINDRICAL_SURFACE('',#3434,0.00175);
#45=CYLINDRICAL_SURFACE('',#3448,0.002);
#46=CYLINDRICAL_SURFACE('',#3449,0.002);
#47=CYLINDRICAL_SURFACE('',#3450,0.002);
#48=CYLINDRICAL_SURFACE('',#3451,0.002);
#49=CYLINDRICAL_SURFACE('',#3458,0.0018);
#50=CYLINDRICAL_SURFACE('',#3459,0.001);
#51=CYLINDRICAL_SURFACE('',#3476,0.00075);
#52=CYLINDRICAL_SURFACE('',#3477,0.00075);
#53=CYLINDRICAL_SURFACE('',#3478,0.00205);
#54=CYLINDRICAL_SURFACE('',#3480,0.000425);
#55=CYLINDRICAL_SURFACE('',#3483,0.000425);
#56=CYLINDRICAL_SURFACE('',#3487,0.0012);
#57=CYLINDRICAL_SURFACE('',#3496,0.0018);
#58=CYLINDRICAL_SURFACE('',#3497,0.001);
#59=CYLINDRICAL_SURFACE('',#3500,0.0012);
#60=CYLINDRICAL_SURFACE('',#3512,0.0018);
#61=CYLINDRICAL_SURFACE('',#3513,0.001);
#62=CYLINDRICAL_SURFACE('',#3520,0.0018);
#63=CYLINDRICAL_SURFACE('',#3521,0.001);
#64=CYLINDRICAL_SURFACE('',#3538,0.00075);
#65=CYLINDRICAL_SURFACE('',#3539,0.00075);
#66=CYLINDRICAL_SURFACE('',#3540,0.00205);
#67=CYLINDRICAL_SURFACE('',#3542,0.000425);
#68=CYLINDRICAL_SURFACE('',#3545,0.000425);
#69=CYLINDRICAL_SURFACE('',#3549,0.0012);
#70=CYLINDRICAL_SURFACE('',#3558,0.0018);
#71=CYLINDRICAL_SURFACE('',#3559,0.001);
#72=CYLINDRICAL_SURFACE('',#3562,0.0012);
#73=CYLINDRICAL_SURFACE('',#3574,0.0018);
#74=CYLINDRICAL_SURFACE('',#3575,0.001);
#75=CYLINDRICAL_SURFACE('',#3582,0.0018);
#76=CYLINDRICAL_SURFACE('',#3583,0.001);
#77=CYLINDRICAL_SURFACE('',#3586,0.00125);
#78=CYLINDRICAL_SURFACE('',#3599,0.0018);
#79=CYLINDRICAL_SURFACE('',#3600,0.001);
#80=CYLINDRICAL_SURFACE('',#3603,0.00125);
#81=CYLINDRICAL_SURFACE('',#3616,0.0018);
#82=CYLINDRICAL_SURFACE('',#3617,0.001);
#83=CIRCLE('',#3331,0.000425);
#84=CIRCLE('',#3332,0.000425);
#85=CIRCLE('',#3333,0.000425);
#86=CIRCLE('',#3334,0.000425);
#87=CIRCLE('',#3335,0.00105);
#88=CIRCLE('',#3336,0.00105);
#89=CIRCLE('',#3337,0.0016);
#90=CIRCLE('',#3338,0.0016);
#91=CIRCLE('',#3339,0.0016);
#92=CIRCLE('',#3340,0.0016);
#93=CIRCLE('',#3341,0.00175);
#94=CIRCLE('',#3342,0.00175);
#95=CIRCLE('',#3343,0.00175);
#96=CIRCLE('',#3344,0.000425);
#97=CIRCLE('',#3345,0.000425);
#98=CIRCLE('',#3346,0.003);
#99=CIRCLE('',#3347,0.003);
#100=CIRCLE('',#3349,0.000425);
#101=CIRCLE('',#3350,0.000425);
#102=CIRCLE('',#3351,0.000425);
#103=CIRCLE('',#3352,0.003);
#104=CIRCLE('',#3353,0.003);
#105=CIRCLE('',#3354,0.000425);
#106=CIRCLE('',#3355,0.00175);
#107=CIRCLE('',#3356,0.00175);
#108=CIRCLE('',#3357,0.00175);
#109=CIRCLE('',#3358,0.0016);
#110=CIRCLE('',#3359,0.0016);
#111=CIRCLE('',#3360,0.0016);
#112=CIRCLE('',#3361,0.0016);
#113=CIRCLE('',#3362,0.00105);
#114=CIRCLE('',#3363,0.00105);
#115=CIRCLE('',#3364,0.000425);
#116=CIRCLE('',#3365,0.000425);
#117=CIRCLE('',#3432,0.00175);
#118=CIRCLE('',#3433,0.00175);
#119=CIRCLE('',#3435,0.00175);
#120=CIRCLE('',#3436,0.00175);
#121=CIRCLE('',#3439,0.002);
#122=CIRCLE('',#3440,0.002);
#123=CIRCLE('',#3441,0.002);
#124=CIRCLE('',#3442,0.002);
#125=CIRCLE('',#3444,0.002);
#126=CIRCLE('',#3445,0.002);
#127=CIRCLE('',#3446,0.002);
#128=CIRCLE('',#3447,0.002);
#129=CIRCLE('',#3453,0.001);
#130=CIRCLE('',#3454,0.0018);
#131=CIRCLE('',#3456,0.001);
#132=CIRCLE('',#3457,0.0018);
#133=CIRCLE('',#3462,0.000425);
#134=CIRCLE('',#3463,0.000425);
#135=CIRCLE('',#3464,0.00075);
#136=CIRCLE('',#3465,0.00075);
#137=CIRCLE('',#3466,0.00205);
#138=CIRCLE('',#3468,0.000425);
#139=CIRCLE('',#3469,0.000425);
#140=CIRCLE('',#3470,0.00075);
#141=CIRCLE('',#3471,0.00075);
#142=CIRCLE('',#3472,0.00205);
#143=CIRCLE('',#3488,0.0012);
#144=CIRCLE('',#3489,0.0012);
#145=CIRCLE('',#3494,0.001);
#146=CIRCLE('',#3495,0.0018);
#147=CIRCLE('',#3501,0.0012);
#148=CIRCLE('',#3502,0.0012);
#149=CIRCLE('',#3507,0.001);
#150=CIRCLE('',#3508,0.0018);
#151=CIRCLE('',#3510,0.001);
#152=CIRCLE('',#3511,0.0018);
#153=CIRCLE('',#3515,0.001);
#154=CIRCLE('',#3516,0.0018);
#155=CIRCLE('',#3518,0.001);
#156=CIRCLE('',#3519,0.0018);
#157=CIRCLE('',#3524,0.000425);
#158=CIRCLE('',#3525,0.000425);
#159=CIRCLE('',#3526,0.00075);
#160=CIRCLE('',#3527,0.00075);
#161=CIRCLE('',#3528,0.00205);
#162=CIRCLE('',#3530,0.000425);
#163=CIRCLE('',#3531,0.000425);
#164=CIRCLE('',#3532,0.00075);
#165=CIRCLE('',#3533,0.00075);
#166=CIRCLE('',#3534,0.00205);
#167=CIRCLE('',#3550,0.0012);
#168=CIRCLE('',#3551,0.0012);
#169=CIRCLE('',#3556,0.001);
#170=CIRCLE('',#3557,0.0018);
#171=CIRCLE('',#3563,0.0012);
#172=CIRCLE('',#3564,0.0012);
#173=CIRCLE('',#3569,0.001);
#174=CIRCLE('',#3570,0.0018);
#175=CIRCLE('',#3572,0.001);
#176=CIRCLE('',#3573,0.0018);
#177=CIRCLE('',#3577,0.001);
#178=CIRCLE('',#3578,0.0018);
#179=CIRCLE('',#3580,0.001);
#180=CIRCLE('',#3581,0.0018);
#181=CIRCLE('',#3587,0.00125);
#182=CIRCLE('',#3588,0.00125);
#183=CIRCLE('',#3594,0.001);
#184=CIRCLE('',#3595,0.0018);
#185=CIRCLE('',#3597,0.001);
#186=CIRCLE('',#3598,0.0018);
#187=CIRCLE('',#3604,0.00125);
#188=CIRCLE('',#3605,0.00125);
#189=CIRCLE('',#3611,0.001);
#190=CIRCLE('',#3612,0.0018);
#191=CIRCLE('',#3614,0.001);
#192=CIRCLE('',#3615,0.0018);
#193=ORIENTED_EDGE('',*,*,#1089,.F.);
#194=ORIENTED_EDGE('',*,*,#1090,.T.);
#195=ORIENTED_EDGE('',*,*,#1091,.T.);
#196=ORIENTED_EDGE('',*,*,#1092,.T.);
#197=ORIENTED_EDGE('',*,*,#1093,.F.);
#198=ORIENTED_EDGE('',*,*,#1094,.T.);
#199=ORIENTED_EDGE('',*,*,#1095,.T.);
#200=ORIENTED_EDGE('',*,*,#1096,.F.);
#201=ORIENTED_EDGE('',*,*,#1097,.T.);
#202=ORIENTED_EDGE('',*,*,#1098,.T.);
#203=ORIENTED_EDGE('',*,*,#1099,.F.);
#204=ORIENTED_EDGE('',*,*,#1100,.F.);
#205=ORIENTED_EDGE('',*,*,#1101,.F.);
#206=ORIENTED_EDGE('',*,*,#1102,.T.);
#207=ORIENTED_EDGE('',*,*,#1103,.F.);
#208=ORIENTED_EDGE('',*,*,#1104,.F.);
#209=ORIENTED_EDGE('',*,*,#1105,.T.);
#210=ORIENTED_EDGE('',*,*,#1106,.T.);
#211=ORIENTED_EDGE('',*,*,#1107,.T.);
#212=ORIENTED_EDGE('',*,*,#1091,.F.);
#213=ORIENTED_EDGE('',*,*,#1108,.T.);
#214=ORIENTED_EDGE('',*,*,#1109,.T.);
#215=ORIENTED_EDGE('',*,*,#1110,.T.);
#216=ORIENTED_EDGE('',*,*,#1111,.T.);
#217=ORIENTED_EDGE('',*,*,#1112,.F.);
#218=ORIENTED_EDGE('',*,*,#1113,.F.);
#219=ORIENTED_EDGE('',*,*,#1114,.T.);
#220=ORIENTED_EDGE('',*,*,#1115,.F.);
#221=ORIENTED_EDGE('',*,*,#1116,.F.);
#222=ORIENTED_EDGE('',*,*,#1117,.T.);
#223=ORIENTED_EDGE('',*,*,#1118,.T.);
#224=ORIENTED_EDGE('',*,*,#1119,.F.);
#225=ORIENTED_EDGE('',*,*,#1095,.F.);
#226=ORIENTED_EDGE('',*,*,#1120,.T.);
#227=ORIENTED_EDGE('',*,*,#1121,.T.);
#228=ORIENTED_EDGE('',*,*,#1122,.T.);
#229=ORIENTED_EDGE('',*,*,#1123,.T.);
#230=ORIENTED_EDGE('',*,*,#1124,.T.);
#231=ORIENTED_EDGE('',*,*,#1125,.F.);
#232=ORIENTED_EDGE('',*,*,#1126,.F.);
#233=ORIENTED_EDGE('',*,*,#1127,.F.);
#234=ORIENTED_EDGE('',*,*,#1128,.F.);
#235=ORIENTED_EDGE('',*,*,#1129,.F.);
#236=ORIENTED_EDGE('',*,*,#1130,.F.);
#237=ORIENTED_EDGE('',*,*,#1131,.F.);
#238=ORIENTED_EDGE('',*,*,#1132,.F.);
#239=ORIENTED_EDGE('',*,*,#1133,.F.);
#240=ORIENTED_EDGE('',*,*,#1134,.T.);
#241=ORIENTED_EDGE('',*,*,#1135,.T.);
#242=ORIENTED_EDGE('',*,*,#1136,.T.);
#243=ORIENTED_EDGE('',*,*,#1137,.T.);
#244=ORIENTED_EDGE('',*,*,#1138,.T.);
#245=ORIENTED_EDGE('',*,*,#1139,.F.);
#246=ORIENTED_EDGE('',*,*,#1140,.T.);
#247=ORIENTED_EDGE('',*,*,#1141,.F.);
#248=ORIENTED_EDGE('',*,*,#1142,.T.);
#249=ORIENTED_EDGE('',*,*,#1143,.T.);
#250=ORIENTED_EDGE('',*,*,#1144,.T.);
#251=ORIENTED_EDGE('',*,*,#1145,.T.);
#252=ORIENTED_EDGE('',*,*,#1146,.T.);
#253=ORIENTED_EDGE('',*,*,#1147,.T.);
#254=ORIENTED_EDGE('',*,*,#1148,.T.);
#255=ORIENTED_EDGE('',*,*,#1149,.T.);
#256=ORIENTED_EDGE('',*,*,#1150,.T.);
#257=ORIENTED_EDGE('',*,*,#1151,.T.);
#258=ORIENTED_EDGE('',*,*,#1152,.T.);
#259=ORIENTED_EDGE('',*,*,#1153,.T.);
#260=ORIENTED_EDGE('',*,*,#1154,.F.);
#261=ORIENTED_EDGE('',*,*,#1155,.T.);
#262=ORIENTED_EDGE('',*,*,#1156,.T.);
#263=ORIENTED_EDGE('',*,*,#1157,.T.);
#264=ORIENTED_EDGE('',*,*,#1099,.T.);
#265=ORIENTED_EDGE('',*,*,#1158,.T.);
#266=ORIENTED_EDGE('',*,*,#1159,.F.);
#267=ORIENTED_EDGE('',*,*,#1160,.F.);
#268=ORIENTED_EDGE('',*,*,#1161,.T.);
#269=ORIENTED_EDGE('',*,*,#1162,.T.);
#270=ORIENTED_EDGE('',*,*,#1163,.T.);
#271=ORIENTED_EDGE('',*,*,#1164,.T.);
#272=ORIENTED_EDGE('',*,*,#1093,.T.);
#273=ORIENTED_EDGE('',*,*,#1165,.T.);
#274=ORIENTED_EDGE('',*,*,#1166,.T.);
#275=ORIENTED_EDGE('',*,*,#1167,.F.);
#276=ORIENTED_EDGE('',*,*,#1168,.F.);
#277=ORIENTED_EDGE('',*,*,#1169,.F.);
#278=ORIENTED_EDGE('',*,*,#1170,.T.);
#279=ORIENTED_EDGE('',*,*,#1171,.F.);
#280=ORIENTED_EDGE('',*,*,#1172,.T.);
#281=ORIENTED_EDGE('',*,*,#1173,.T.);
#282=ORIENTED_EDGE('',*,*,#1174,.T.);
#283=ORIENTED_EDGE('',*,*,#1097,.F.);
#284=ORIENTED_EDGE('',*,*,#1175,.F.);
#285=ORIENTED_EDGE('',*,*,#1176,.F.);
#286=ORIENTED_EDGE('',*,*,#1177,.F.);
#287=ORIENTED_EDGE('',*,*,#1178,.T.);
#288=ORIENTED_EDGE('',*,*,#1179,.F.);
#289=ORIENTED_EDGE('',*,*,#1180,.F.);
#290=ORIENTED_EDGE('',*,*,#1181,.F.);
#291=ORIENTED_EDGE('',*,*,#1182,.F.);
#292=ORIENTED_EDGE('',*,*,#1183,.F.);
#293=ORIENTED_EDGE('',*,*,#1184,.F.);
#294=ORIENTED_EDGE('',*,*,#1185,.F.);
#295=ORIENTED_EDGE('',*,*,#1186,.F.);
#296=ORIENTED_EDGE('',*,*,#1187,.F.);
#297=ORIENTED_EDGE('',*,*,#1188,.F.);
#298=ORIENTED_EDGE('',*,*,#1189,.F.);
#299=ORIENTED_EDGE('',*,*,#1190,.F.);
#300=ORIENTED_EDGE('',*,*,#1191,.F.);
#301=ORIENTED_EDGE('',*,*,#1192,.T.);
#302=ORIENTED_EDGE('',*,*,#1193,.F.);
#303=ORIENTED_EDGE('',*,*,#1194,.F.);
#304=ORIENTED_EDGE('',*,*,#1195,.F.);
#305=ORIENTED_EDGE('',*,*,#1196,.T.);
#306=ORIENTED_EDGE('',*,*,#1197,.T.);
#307=ORIENTED_EDGE('',*,*,#1198,.T.);
#308=ORIENTED_EDGE('',*,*,#1199,.T.);
#309=ORIENTED_EDGE('',*,*,#1200,.T.);
#310=ORIENTED_EDGE('',*,*,#1201,.T.);
#311=ORIENTED_EDGE('',*,*,#1202,.T.);
#312=ORIENTED_EDGE('',*,*,#1203,.T.);
#313=ORIENTED_EDGE('',*,*,#1204,.T.);
#314=ORIENTED_EDGE('',*,*,#1205,.F.);
#315=ORIENTED_EDGE('',*,*,#1206,.T.);
#316=ORIENTED_EDGE('',*,*,#1207,.T.);
#317=ORIENTED_EDGE('',*,*,#1208,.T.);
#318=ORIENTED_EDGE('',*,*,#1209,.T.);
#319=ORIENTED_EDGE('',*,*,#1210,.T.);
#320=ORIENTED_EDGE('',*,*,#1089,.T.);
#321=ORIENTED_EDGE('',*,*,#1211,.T.);
#322=ORIENTED_EDGE('',*,*,#1212,.F.);
#323=ORIENTED_EDGE('',*,*,#1213,.F.);
#324=ORIENTED_EDGE('',*,*,#1214,.F.);
#325=ORIENTED_EDGE('',*,*,#1215,.F.);
#326=ORIENTED_EDGE('',*,*,#1216,.T.);
#327=ORIENTED_EDGE('',*,*,#1212,.T.);
#328=ORIENTED_EDGE('',*,*,#1217,.T.);
#329=ORIENTED_EDGE('',*,*,#1106,.F.);
#330=ORIENTED_EDGE('',*,*,#1218,.F.);
#331=ORIENTED_EDGE('',*,*,#1219,.F.);
#332=ORIENTED_EDGE('',*,*,#1167,.T.);
#333=ORIENTED_EDGE('',*,*,#1220,.T.);
#334=ORIENTED_EDGE('',*,*,#1117,.F.);
#335=ORIENTED_EDGE('',*,*,#1119,.T.);
#336=ORIENTED_EDGE('',*,*,#1221,.T.);
#337=ORIENTED_EDGE('',*,*,#1165,.F.);
#338=ORIENTED_EDGE('',*,*,#1096,.T.);
#339=ORIENTED_EDGE('',*,*,#1222,.F.);
#340=ORIENTED_EDGE('',*,*,#1190,.T.);
#341=ORIENTED_EDGE('',*,*,#1223,.T.);
#342=ORIENTED_EDGE('',*,*,#1142,.F.);
#343=ORIENTED_EDGE('',*,*,#1223,.F.);
#344=ORIENTED_EDGE('',*,*,#1189,.T.);
#345=ORIENTED_EDGE('',*,*,#1224,.T.);
#346=ORIENTED_EDGE('',*,*,#1143,.F.);
#347=ORIENTED_EDGE('',*,*,#1224,.F.);
#348=ORIENTED_EDGE('',*,*,#1188,.T.);
#349=ORIENTED_EDGE('',*,*,#1225,.T.);
#350=ORIENTED_EDGE('',*,*,#1144,.F.);
#351=ORIENTED_EDGE('',*,*,#1225,.F.);
#352=ORIENTED_EDGE('',*,*,#1187,.T.);
#353=ORIENTED_EDGE('',*,*,#1226,.T.);
#354=ORIENTED_EDGE('',*,*,#1145,.F.);
#355=ORIENTED_EDGE('',*,*,#1226,.F.);
#356=ORIENTED_EDGE('',*,*,#1186,.T.);
#357=ORIENTED_EDGE('',*,*,#1227,.T.);
#358=ORIENTED_EDGE('',*,*,#1146,.F.);
#359=ORIENTED_EDGE('',*,*,#1227,.F.);
#360=ORIENTED_EDGE('',*,*,#1185,.T.);
#361=ORIENTED_EDGE('',*,*,#1228,.T.);
#362=ORIENTED_EDGE('',*,*,#1147,.F.);
#363=ORIENTED_EDGE('',*,*,#1228,.F.);
#364=ORIENTED_EDGE('',*,*,#1184,.T.);
#365=ORIENTED_EDGE('',*,*,#1229,.T.);
#366=ORIENTED_EDGE('',*,*,#1148,.F.);
#367=ORIENTED_EDGE('',*,*,#1229,.F.);
#368=ORIENTED_EDGE('',*,*,#1183,.T.);
#369=ORIENTED_EDGE('',*,*,#1230,.T.);
#370=ORIENTED_EDGE('',*,*,#1149,.F.);
#371=ORIENTED_EDGE('',*,*,#1230,.F.);
#372=ORIENTED_EDGE('',*,*,#1182,.T.);
#373=ORIENTED_EDGE('',*,*,#1231,.T.);
#374=ORIENTED_EDGE('',*,*,#1150,.F.);
#375=ORIENTED_EDGE('',*,*,#1231,.F.);
#376=ORIENTED_EDGE('',*,*,#1181,.T.);
#377=ORIENTED_EDGE('',*,*,#1232,.T.);
#378=ORIENTED_EDGE('',*,*,#1151,.F.);
#379=ORIENTED_EDGE('',*,*,#1232,.F.);
#380=ORIENTED_EDGE('',*,*,#1180,.T.);
#381=ORIENTED_EDGE('',*,*,#1233,.T.);
#382=ORIENTED_EDGE('',*,*,#1152,.F.);
#383=ORIENTED_EDGE('',*,*,#1233,.F.);
#384=ORIENTED_EDGE('',*,*,#1179,.T.);
#385=ORIENTED_EDGE('',*,*,#1234,.T.);
#386=ORIENTED_EDGE('',*,*,#1153,.F.);
#387=ORIENTED_EDGE('',*,*,#1234,.F.);
#388=ORIENTED_EDGE('',*,*,#1178,.F.);
#389=ORIENTED_EDGE('',*,*,#1235,.T.);
#390=ORIENTED_EDGE('',*,*,#1154,.T.);
#391=ORIENTED_EDGE('',*,*,#1235,.F.);
#392=ORIENTED_EDGE('',*,*,#1177,.T.);
#393=ORIENTED_EDGE('',*,*,#1236,.T.);
#394=ORIENTED_EDGE('',*,*,#1155,.F.);
#395=ORIENTED_EDGE('',*,*,#1236,.F.);
#396=ORIENTED_EDGE('',*,*,#1176,.T.);
#397=ORIENTED_EDGE('',*,*,#1237,.T.);
#398=ORIENTED_EDGE('',*,*,#1156,.F.);
#399=ORIENTED_EDGE('',*,*,#1237,.F.);
#400=ORIENTED_EDGE('',*,*,#1175,.T.);
#401=ORIENTED_EDGE('',*,*,#1100,.T.);
#402=ORIENTED_EDGE('',*,*,#1157,.F.);
#403=ORIENTED_EDGE('',*,*,#1125,.T.);
#404=ORIENTED_EDGE('',*,*,#1204,.F.);
#405=ORIENTED_EDGE('',*,*,#1126,.T.);
#406=ORIENTED_EDGE('',*,*,#1203,.F.);
#407=ORIENTED_EDGE('',*,*,#1127,.T.);
#408=ORIENTED_EDGE('',*,*,#1202,.F.);
#409=ORIENTED_EDGE('',*,*,#1128,.T.);
#410=ORIENTED_EDGE('',*,*,#1201,.F.);
#411=ORIENTED_EDGE('',*,*,#1129,.T.);
#412=ORIENTED_EDGE('',*,*,#1200,.F.);
#413=ORIENTED_EDGE('',*,*,#1130,.T.);
#414=ORIENTED_EDGE('',*,*,#1199,.F.);
#415=ORIENTED_EDGE('',*,*,#1131,.T.);
#416=ORIENTED_EDGE('',*,*,#1198,.F.);
#417=ORIENTED_EDGE('',*,*,#1132,.T.);
#418=ORIENTED_EDGE('',*,*,#1197,.F.);
#419=ORIENTED_EDGE('',*,*,#1133,.T.);
#420=ORIENTED_EDGE('',*,*,#1196,.F.);
#421=ORIENTED_EDGE('',*,*,#1238,.F.);
#422=ORIENTED_EDGE('',*,*,#1213,.T.);
#423=ORIENTED_EDGE('',*,*,#1218,.T.);
#424=ORIENTED_EDGE('',*,*,#1105,.F.);
#425=ORIENTED_EDGE('',*,*,#1166,.F.);
#426=ORIENTED_EDGE('',*,*,#1221,.F.);
#427=ORIENTED_EDGE('',*,*,#1118,.F.);
#428=ORIENTED_EDGE('',*,*,#1220,.F.);
#429=ORIENTED_EDGE('',*,*,#1211,.F.);
#430=ORIENTED_EDGE('',*,*,#1092,.F.);
#431=ORIENTED_EDGE('',*,*,#1107,.F.);
#432=ORIENTED_EDGE('',*,*,#1217,.F.);
#433=ORIENTED_EDGE('',*,*,#1239,.T.);
#434=ORIENTED_EDGE('',*,*,#1111,.F.);
#435=ORIENTED_EDGE('',*,*,#1240,.T.);
#436=ORIENTED_EDGE('',*,*,#1207,.F.);
#437=ORIENTED_EDGE('',*,*,#1241,.T.);
#438=ORIENTED_EDGE('',*,*,#1208,.F.);
#439=ORIENTED_EDGE('',*,*,#1240,.F.);
#440=ORIENTED_EDGE('',*,*,#1110,.F.);
#441=ORIENTED_EDGE('',*,*,#1242,.T.);
#442=ORIENTED_EDGE('',*,*,#1209,.F.);
#443=ORIENTED_EDGE('',*,*,#1241,.F.);
#444=ORIENTED_EDGE('',*,*,#1109,.F.);
#445=ORIENTED_EDGE('',*,*,#1210,.F.);
#446=ORIENTED_EDGE('',*,*,#1242,.F.);
#447=ORIENTED_EDGE('',*,*,#1108,.F.);
#448=ORIENTED_EDGE('',*,*,#1090,.F.);
#449=ORIENTED_EDGE('',*,*,#1222,.T.);
#450=ORIENTED_EDGE('',*,*,#1141,.T.);
#451=ORIENTED_EDGE('',*,*,#1243,.T.);
#452=ORIENTED_EDGE('',*,*,#1191,.T.);
#453=ORIENTED_EDGE('',*,*,#1244,.T.);
#454=ORIENTED_EDGE('',*,*,#1192,.F.);
#455=ORIENTED_EDGE('',*,*,#1243,.F.);
#456=ORIENTED_EDGE('',*,*,#1140,.F.);
#457=ORIENTED_EDGE('',*,*,#1245,.T.);
#458=ORIENTED_EDGE('',*,*,#1193,.T.);
#459=ORIENTED_EDGE('',*,*,#1244,.F.);
#460=ORIENTED_EDGE('',*,*,#1139,.T.);
#461=ORIENTED_EDGE('',*,*,#1246,.T.);
#462=ORIENTED_EDGE('',*,*,#1123,.F.);
#463=ORIENTED_EDGE('',*,*,#1247,.T.);
#464=ORIENTED_EDGE('',*,*,#1161,.F.);
#465=ORIENTED_EDGE('',*,*,#1248,.T.);
#466=ORIENTED_EDGE('',*,*,#1162,.F.);
#467=ORIENTED_EDGE('',*,*,#1247,.F.);
#468=ORIENTED_EDGE('',*,*,#1122,.F.);
#469=ORIENTED_EDGE('',*,*,#1249,.T.);
#470=ORIENTED_EDGE('',*,*,#1163,.F.);
#471=ORIENTED_EDGE('',*,*,#1248,.F.);
#472=ORIENTED_EDGE('',*,*,#1121,.F.);
#473=ORIENTED_EDGE('',*,*,#1164,.F.);
#474=ORIENTED_EDGE('',*,*,#1249,.F.);
#475=ORIENTED_EDGE('',*,*,#1120,.F.);
#476=ORIENTED_EDGE('',*,*,#1094,.F.);
#477=ORIENTED_EDGE('',*,*,#1159,.T.);
#478=ORIENTED_EDGE('',*,*,#1250,.F.);
#479=ORIENTED_EDGE('',*,*,#1113,.T.);
#480=ORIENTED_EDGE('',*,*,#1251,.F.);
#481=ORIENTED_EDGE('',*,*,#1115,.T.);
#482=ORIENTED_EDGE('',*,*,#1252,.T.);
#483=ORIENTED_EDGE('',*,*,#1169,.T.);
#484=ORIENTED_EDGE('',*,*,#1253,.F.);
#485=ORIENTED_EDGE('',*,*,#1250,.T.);
#486=ORIENTED_EDGE('',*,*,#1170,.F.);
#487=ORIENTED_EDGE('',*,*,#1252,.F.);
#488=ORIENTED_EDGE('',*,*,#1114,.F.);
#489=ORIENTED_EDGE('',*,*,#1219,.T.);
#490=ORIENTED_EDGE('',*,*,#1116,.T.);
#491=ORIENTED_EDGE('',*,*,#1253,.T.);
#492=ORIENTED_EDGE('',*,*,#1168,.T.);
#493=ORIENTED_EDGE('',*,*,#1205,.T.);
#494=ORIENTED_EDGE('',*,*,#1254,.F.);
#495=ORIENTED_EDGE('',*,*,#1101,.T.);
#496=ORIENTED_EDGE('',*,*,#1255,.F.);
#497=ORIENTED_EDGE('',*,*,#1103,.T.);
#498=ORIENTED_EDGE('',*,*,#1256,.T.);
#499=ORIENTED_EDGE('',*,*,#1215,.T.);
#500=ORIENTED_EDGE('',*,*,#1257,.F.);
#501=ORIENTED_EDGE('',*,*,#1254,.T.);
#502=ORIENTED_EDGE('',*,*,#1216,.F.);
#503=ORIENTED_EDGE('',*,*,#1256,.F.);
#504=ORIENTED_EDGE('',*,*,#1102,.F.);
#505=ORIENTED_EDGE('',*,*,#1238,.T.);
#506=ORIENTED_EDGE('',*,*,#1104,.T.);
#507=ORIENTED_EDGE('',*,*,#1257,.T.);
#508=ORIENTED_EDGE('',*,*,#1214,.T.);
#509=ORIENTED_EDGE('',*,*,#1135,.F.);
#510=ORIENTED_EDGE('',*,*,#1258,.T.);
#511=ORIENTED_EDGE('',*,*,#1172,.F.);
#512=ORIENTED_EDGE('',*,*,#1259,.F.);
#513=ORIENTED_EDGE('',*,*,#1260,.T.);
#514=ORIENTED_EDGE('',*,*,#1173,.F.);
#515=ORIENTED_EDGE('',*,*,#1258,.F.);
#516=ORIENTED_EDGE('',*,*,#1134,.F.);
#517=ORIENTED_EDGE('',*,*,#1174,.F.);
#518=ORIENTED_EDGE('',*,*,#1260,.F.);
#519=ORIENTED_EDGE('',*,*,#1158,.F.);
#520=ORIENTED_EDGE('',*,*,#1098,.F.);
#521=ORIENTED_EDGE('',*,*,#1261,.T.);
#522=ORIENTED_EDGE('',*,*,#1262,.T.);
#523=ORIENTED_EDGE('',*,*,#1263,.F.);
#524=ORIENTED_EDGE('',*,*,#1264,.T.);
#525=ORIENTED_EDGE('',*,*,#1265,.F.);
#526=ORIENTED_EDGE('',*,*,#1266,.T.);
#527=ORIENTED_EDGE('',*,*,#1267,.T.);
#528=ORIENTED_EDGE('',*,*,#1268,.F.);
#529=ORIENTED_EDGE('',*,*,#1269,.F.);
#530=ORIENTED_EDGE('',*,*,#1270,.T.);
#531=ORIENTED_EDGE('',*,*,#1271,.T.);
#532=ORIENTED_EDGE('',*,*,#1272,.T.);
#533=ORIENTED_EDGE('',*,*,#1273,.F.);
#534=ORIENTED_EDGE('',*,*,#1274,.T.);
#535=ORIENTED_EDGE('',*,*,#1275,.T.);
#536=ORIENTED_EDGE('',*,*,#1272,.F.);
#537=ORIENTED_EDGE('',*,*,#1276,.F.);
#538=ORIENTED_EDGE('',*,*,#1277,.T.);
#539=ORIENTED_EDGE('',*,*,#1278,.T.);
#540=ORIENTED_EDGE('',*,*,#1279,.T.);
#541=ORIENTED_EDGE('',*,*,#1280,.T.);
#542=ORIENTED_EDGE('',*,*,#1281,.T.);
#543=ORIENTED_EDGE('',*,*,#1282,.F.);
#544=ORIENTED_EDGE('',*,*,#1283,.T.);
#545=ORIENTED_EDGE('',*,*,#1284,.F.);
#546=ORIENTED_EDGE('',*,*,#1285,.T.);
#547=ORIENTED_EDGE('',*,*,#1286,.T.);
#548=ORIENTED_EDGE('',*,*,#1283,.F.);
#549=ORIENTED_EDGE('',*,*,#1287,.F.);
#550=ORIENTED_EDGE('',*,*,#1288,.T.);
#551=ORIENTED_EDGE('',*,*,#1289,.T.);
#552=ORIENTED_EDGE('',*,*,#1290,.T.);
#553=ORIENTED_EDGE('',*,*,#1290,.F.);
#554=ORIENTED_EDGE('',*,*,#1291,.F.);
#555=ORIENTED_EDGE('',*,*,#1292,.T.);
#556=ORIENTED_EDGE('',*,*,#1293,.T.);
#557=ORIENTED_EDGE('',*,*,#1292,.F.);
#558=ORIENTED_EDGE('',*,*,#1294,.F.);
#559=ORIENTED_EDGE('',*,*,#1295,.T.);
#560=ORIENTED_EDGE('',*,*,#1296,.T.);
#561=ORIENTED_EDGE('',*,*,#1297,.F.);
#562=ORIENTED_EDGE('',*,*,#1298,.T.);
#563=ORIENTED_EDGE('',*,*,#1295,.F.);
#564=ORIENTED_EDGE('',*,*,#1299,.F.);
#565=ORIENTED_EDGE('',*,*,#1264,.F.);
#566=ORIENTED_EDGE('',*,*,#1300,.F.);
#567=ORIENTED_EDGE('',*,*,#1301,.T.);
#568=ORIENTED_EDGE('',*,*,#1302,.T.);
#569=ORIENTED_EDGE('',*,*,#1303,.T.);
#570=ORIENTED_EDGE('',*,*,#1304,.F.);
#571=ORIENTED_EDGE('',*,*,#1305,.T.);
#572=ORIENTED_EDGE('',*,*,#1306,.F.);
#573=ORIENTED_EDGE('',*,*,#1307,.F.);
#574=ORIENTED_EDGE('',*,*,#1268,.T.);
#575=ORIENTED_EDGE('',*,*,#1308,.T.);
#576=ORIENTED_EDGE('',*,*,#1301,.F.);
#577=ORIENTED_EDGE('',*,*,#1303,.F.);
#578=ORIENTED_EDGE('',*,*,#1305,.F.);
#579=ORIENTED_EDGE('',*,*,#1278,.F.);
#580=ORIENTED_EDGE('',*,*,#1309,.T.);
#581=ORIENTED_EDGE('',*,*,#1280,.F.);
#582=ORIENTED_EDGE('',*,*,#1286,.F.);
#583=ORIENTED_EDGE('',*,*,#1310,.T.);
#584=ORIENTED_EDGE('',*,*,#1287,.T.);
#585=ORIENTED_EDGE('',*,*,#1293,.F.);
#586=ORIENTED_EDGE('',*,*,#1296,.F.);
#587=ORIENTED_EDGE('',*,*,#1298,.F.);
#588=ORIENTED_EDGE('',*,*,#1311,.F.);
#589=ORIENTED_EDGE('',*,*,#1261,.F.);
#590=ORIENTED_EDGE('',*,*,#1302,.F.);
#591=ORIENTED_EDGE('',*,*,#1308,.F.);
#592=ORIENTED_EDGE('',*,*,#1267,.F.);
#593=ORIENTED_EDGE('',*,*,#1312,.T.);
#594=ORIENTED_EDGE('',*,*,#1269,.T.);
#595=ORIENTED_EDGE('',*,*,#1275,.F.);
#596=ORIENTED_EDGE('',*,*,#1313,.T.);
#597=ORIENTED_EDGE('',*,*,#1304,.T.);
#598=ORIENTED_EDGE('',*,*,#1306,.T.);
#599=ORIENTED_EDGE('',*,*,#1282,.T.);
#600=ORIENTED_EDGE('',*,*,#1314,.T.);
#601=ORIENTED_EDGE('',*,*,#1276,.T.);
#602=ORIENTED_EDGE('',*,*,#1315,.T.);
#603=ORIENTED_EDGE('',*,*,#1273,.T.);
#604=ORIENTED_EDGE('',*,*,#1271,.F.);
#605=ORIENTED_EDGE('',*,*,#1316,.T.);
#606=ORIENTED_EDGE('',*,*,#1265,.T.);
#607=ORIENTED_EDGE('',*,*,#1307,.T.);
#608=ORIENTED_EDGE('',*,*,#1300,.T.);
#609=ORIENTED_EDGE('',*,*,#1263,.T.);
#610=ORIENTED_EDGE('',*,*,#1317,.T.);
#611=ORIENTED_EDGE('',*,*,#1299,.T.);
#612=ORIENTED_EDGE('',*,*,#1294,.T.);
#613=ORIENTED_EDGE('',*,*,#1291,.T.);
#614=ORIENTED_EDGE('',*,*,#1289,.F.);
#615=ORIENTED_EDGE('',*,*,#1318,.T.);
#616=ORIENTED_EDGE('',*,*,#1284,.T.);
#617=ORIENTED_EDGE('',*,*,#1314,.F.);
#618=ORIENTED_EDGE('',*,*,#1281,.F.);
#619=ORIENTED_EDGE('',*,*,#1309,.F.);
#620=ORIENTED_EDGE('',*,*,#1277,.F.);
#621=ORIENTED_EDGE('',*,*,#1315,.F.);
#622=ORIENTED_EDGE('',*,*,#1279,.F.);
#623=ORIENTED_EDGE('',*,*,#1313,.F.);
#624=ORIENTED_EDGE('',*,*,#1274,.F.);
#625=ORIENTED_EDGE('',*,*,#1316,.F.);
#626=ORIENTED_EDGE('',*,*,#1270,.F.);
#627=ORIENTED_EDGE('',*,*,#1312,.F.);
#628=ORIENTED_EDGE('',*,*,#1266,.F.);
#629=ORIENTED_EDGE('',*,*,#1318,.F.);
#630=ORIENTED_EDGE('',*,*,#1288,.F.);
#631=ORIENTED_EDGE('',*,*,#1310,.F.);
#632=ORIENTED_EDGE('',*,*,#1285,.F.);
#633=ORIENTED_EDGE('',*,*,#1319,.T.);
#634=ORIENTED_EDGE('',*,*,#1320,.F.);
#635=ORIENTED_EDGE('',*,*,#1297,.T.);
#636=ORIENTED_EDGE('',*,*,#1321,.T.);
#637=ORIENTED_EDGE('',*,*,#1262,.F.);
#638=ORIENTED_EDGE('',*,*,#1322,.T.);
#639=ORIENTED_EDGE('',*,*,#1323,.F.);
#640=ORIENTED_EDGE('',*,*,#1324,.F.);
#641=ORIENTED_EDGE('',*,*,#1324,.T.);
#642=ORIENTED_EDGE('',*,*,#1195,.T.);
#643=ORIENTED_EDGE('',*,*,#1321,.F.);
#644=ORIENTED_EDGE('',*,*,#1317,.F.);
#645=ORIENTED_EDGE('',*,*,#1322,.F.);
#646=ORIENTED_EDGE('',*,*,#1311,.T.);
#647=ORIENTED_EDGE('',*,*,#1320,.T.);
#648=ORIENTED_EDGE('',*,*,#1137,.F.);
#649=ORIENTED_EDGE('',*,*,#1325,.F.);
#650=ORIENTED_EDGE('',*,*,#1326,.F.);
#651=ORIENTED_EDGE('',*,*,#1327,.T.);
#652=ORIENTED_EDGE('',*,*,#1328,.T.);
#653=ORIENTED_EDGE('',*,*,#1329,.F.);
#654=ORIENTED_EDGE('',*,*,#1328,.F.);
#655=ORIENTED_EDGE('',*,*,#1330,.T.);
#656=ORIENTED_EDGE('',*,*,#1331,.T.);
#657=ORIENTED_EDGE('',*,*,#1332,.T.);
#658=ORIENTED_EDGE('',*,*,#1333,.F.);
#659=ORIENTED_EDGE('',*,*,#1334,.T.);
#660=ORIENTED_EDGE('',*,*,#1335,.T.);
#661=ORIENTED_EDGE('',*,*,#1336,.F.);
#662=ORIENTED_EDGE('',*,*,#1337,.F.);
#663=ORIENTED_EDGE('',*,*,#1338,.F.);
#664=ORIENTED_EDGE('',*,*,#1339,.F.);
#665=ORIENTED_EDGE('',*,*,#1340,.T.);
#666=ORIENTED_EDGE('',*,*,#1341,.F.);
#667=ORIENTED_EDGE('',*,*,#1342,.F.);
#668=ORIENTED_EDGE('',*,*,#1343,.F.);
#669=ORIENTED_EDGE('',*,*,#1344,.F.);
#670=ORIENTED_EDGE('',*,*,#1345,.T.);
#671=ORIENTED_EDGE('',*,*,#1346,.F.);
#672=ORIENTED_EDGE('',*,*,#1347,.T.);
#673=ORIENTED_EDGE('',*,*,#1348,.T.);
#674=ORIENTED_EDGE('',*,*,#1349,.T.);
#675=ORIENTED_EDGE('',*,*,#1350,.F.);
#676=ORIENTED_EDGE('',*,*,#1351,.F.);
#677=ORIENTED_EDGE('',*,*,#1352,.T.);
#678=ORIENTED_EDGE('',*,*,#1353,.T.);
#679=ORIENTED_EDGE('',*,*,#1354,.T.);
#680=ORIENTED_EDGE('',*,*,#1355,.T.);
#681=ORIENTED_EDGE('',*,*,#1326,.T.);
#682=ORIENTED_EDGE('',*,*,#1356,.T.);
#683=ORIENTED_EDGE('',*,*,#1357,.T.);
#684=ORIENTED_EDGE('',*,*,#1358,.T.);
#685=ORIENTED_EDGE('',*,*,#1359,.F.);
#686=ORIENTED_EDGE('',*,*,#1351,.T.);
#687=ORIENTED_EDGE('',*,*,#1360,.T.);
#688=ORIENTED_EDGE('',*,*,#1334,.F.);
#689=ORIENTED_EDGE('',*,*,#1360,.F.);
#690=ORIENTED_EDGE('',*,*,#1350,.T.);
#691=ORIENTED_EDGE('',*,*,#1361,.T.);
#692=ORIENTED_EDGE('',*,*,#1335,.F.);
#693=ORIENTED_EDGE('',*,*,#1362,.F.);
#694=ORIENTED_EDGE('',*,*,#1348,.F.);
#695=ORIENTED_EDGE('',*,*,#1363,.T.);
#696=ORIENTED_EDGE('',*,*,#1337,.T.);
#697=ORIENTED_EDGE('',*,*,#1341,.T.);
#698=ORIENTED_EDGE('',*,*,#1356,.F.);
#699=ORIENTED_EDGE('',*,*,#1342,.T.);
#700=ORIENTED_EDGE('',*,*,#1357,.F.);
#701=ORIENTED_EDGE('',*,*,#1343,.T.);
#702=ORIENTED_EDGE('',*,*,#1358,.F.);
#703=ORIENTED_EDGE('',*,*,#1332,.F.);
#704=ORIENTED_EDGE('',*,*,#1364,.T.);
#705=ORIENTED_EDGE('',*,*,#1353,.F.);
#706=ORIENTED_EDGE('',*,*,#1365,.T.);
#707=ORIENTED_EDGE('',*,*,#1366,.T.);
#708=ORIENTED_EDGE('',*,*,#1354,.F.);
#709=ORIENTED_EDGE('',*,*,#1364,.F.);
#710=ORIENTED_EDGE('',*,*,#1331,.F.);
#711=ORIENTED_EDGE('',*,*,#1355,.F.);
#712=ORIENTED_EDGE('',*,*,#1366,.F.);
#713=ORIENTED_EDGE('',*,*,#1330,.F.);
#714=ORIENTED_EDGE('',*,*,#1327,.F.);
#715=ORIENTED_EDGE('',*,*,#1325,.T.);
#716=ORIENTED_EDGE('',*,*,#1329,.T.);
#717=ORIENTED_EDGE('',*,*,#1367,.T.);
#718=ORIENTED_EDGE('',*,*,#1344,.T.);
#719=ORIENTED_EDGE('',*,*,#1368,.T.);
#720=ORIENTED_EDGE('',*,*,#1345,.F.);
#721=ORIENTED_EDGE('',*,*,#1367,.F.);
#722=ORIENTED_EDGE('',*,*,#1340,.F.);
#723=ORIENTED_EDGE('',*,*,#1369,.F.);
#724=ORIENTED_EDGE('',*,*,#1346,.T.);
#725=ORIENTED_EDGE('',*,*,#1368,.F.);
#726=ORIENTED_EDGE('',*,*,#1339,.T.);
#727=ORIENTED_EDGE('',*,*,#1370,.F.);
#728=ORIENTED_EDGE('',*,*,#1371,.F.);
#729=ORIENTED_EDGE('',*,*,#1372,.T.);
#730=ORIENTED_EDGE('',*,*,#1373,.T.);
#731=ORIENTED_EDGE('',*,*,#1372,.F.);
#732=ORIENTED_EDGE('',*,*,#1374,.F.);
#733=ORIENTED_EDGE('',*,*,#1375,.T.);
#734=ORIENTED_EDGE('',*,*,#1376,.T.);
#735=ORIENTED_EDGE('',*,*,#1377,.T.);
#736=ORIENTED_EDGE('',*,*,#1378,.F.);
#737=ORIENTED_EDGE('',*,*,#1379,.F.);
#738=ORIENTED_EDGE('',*,*,#1370,.T.);
#739=ORIENTED_EDGE('',*,*,#1380,.T.);
#740=ORIENTED_EDGE('',*,*,#1381,.F.);
#741=ORIENTED_EDGE('',*,*,#1377,.F.);
#742=ORIENTED_EDGE('',*,*,#1382,.T.);
#743=ORIENTED_EDGE('',*,*,#1380,.F.);
#744=ORIENTED_EDGE('',*,*,#1373,.F.);
#745=ORIENTED_EDGE('',*,*,#1376,.F.);
#746=ORIENTED_EDGE('',*,*,#1378,.T.);
#747=ORIENTED_EDGE('',*,*,#1383,.F.);
#748=ORIENTED_EDGE('',*,*,#1374,.T.);
#749=ORIENTED_EDGE('',*,*,#1371,.T.);
#750=ORIENTED_EDGE('',*,*,#1379,.T.);
#751=ORIENTED_EDGE('',*,*,#1369,.T.);
#752=ORIENTED_EDGE('',*,*,#1384,.F.);
#753=ORIENTED_EDGE('',*,*,#1375,.F.);
#754=ORIENTED_EDGE('',*,*,#1385,.T.);
#755=ORIENTED_EDGE('',*,*,#1381,.T.);
#756=ORIENTED_EDGE('',*,*,#1386,.F.);
#757=ORIENTED_EDGE('',*,*,#1363,.F.);
#758=ORIENTED_EDGE('',*,*,#1387,.T.);
#759=ORIENTED_EDGE('',*,*,#1387,.F.);
#760=ORIENTED_EDGE('',*,*,#1347,.F.);
#761=ORIENTED_EDGE('',*,*,#1385,.F.);
#762=ORIENTED_EDGE('',*,*,#1383,.T.);
#763=ORIENTED_EDGE('',*,*,#1386,.T.);
#764=ORIENTED_EDGE('',*,*,#1382,.F.);
#765=ORIENTED_EDGE('',*,*,#1384,.T.);
#766=ORIENTED_EDGE('',*,*,#1338,.T.);
#767=ORIENTED_EDGE('',*,*,#1388,.F.);
#768=ORIENTED_EDGE('',*,*,#1389,.F.);
#769=ORIENTED_EDGE('',*,*,#1390,.T.);
#770=ORIENTED_EDGE('',*,*,#1391,.T.);
#771=ORIENTED_EDGE('',*,*,#1390,.F.);
#772=ORIENTED_EDGE('',*,*,#1392,.F.);
#773=ORIENTED_EDGE('',*,*,#1393,.T.);
#774=ORIENTED_EDGE('',*,*,#1394,.T.);
#775=ORIENTED_EDGE('',*,*,#1395,.T.);
#776=ORIENTED_EDGE('',*,*,#1396,.F.);
#777=ORIENTED_EDGE('',*,*,#1397,.F.);
#778=ORIENTED_EDGE('',*,*,#1388,.T.);
#779=ORIENTED_EDGE('',*,*,#1398,.T.);
#780=ORIENTED_EDGE('',*,*,#1399,.F.);
#781=ORIENTED_EDGE('',*,*,#1395,.F.);
#782=ORIENTED_EDGE('',*,*,#1400,.T.);
#783=ORIENTED_EDGE('',*,*,#1398,.F.);
#784=ORIENTED_EDGE('',*,*,#1391,.F.);
#785=ORIENTED_EDGE('',*,*,#1394,.F.);
#786=ORIENTED_EDGE('',*,*,#1396,.T.);
#787=ORIENTED_EDGE('',*,*,#1401,.F.);
#788=ORIENTED_EDGE('',*,*,#1392,.T.);
#789=ORIENTED_EDGE('',*,*,#1389,.T.);
#790=ORIENTED_EDGE('',*,*,#1397,.T.);
#791=ORIENTED_EDGE('',*,*,#1359,.T.);
#792=ORIENTED_EDGE('',*,*,#1402,.F.);
#793=ORIENTED_EDGE('',*,*,#1393,.F.);
#794=ORIENTED_EDGE('',*,*,#1403,.T.);
#795=ORIENTED_EDGE('',*,*,#1399,.T.);
#796=ORIENTED_EDGE('',*,*,#1404,.T.);
#797=ORIENTED_EDGE('',*,*,#1365,.F.);
#798=ORIENTED_EDGE('',*,*,#1405,.F.);
#799=ORIENTED_EDGE('',*,*,#1405,.T.);
#800=ORIENTED_EDGE('',*,*,#1352,.F.);
#801=ORIENTED_EDGE('',*,*,#1403,.F.);
#802=ORIENTED_EDGE('',*,*,#1401,.T.);
#803=ORIENTED_EDGE('',*,*,#1404,.F.);
#804=ORIENTED_EDGE('',*,*,#1400,.F.);
#805=ORIENTED_EDGE('',*,*,#1402,.T.);
#806=ORIENTED_EDGE('',*,*,#1333,.T.);
#807=ORIENTED_EDGE('',*,*,#1323,.T.);
#808=ORIENTED_EDGE('',*,*,#1406,.F.);
#809=ORIENTED_EDGE('',*,*,#1361,.F.);
#810=ORIENTED_EDGE('',*,*,#1407,.T.);
#811=ORIENTED_EDGE('',*,*,#1362,.T.);
#812=ORIENTED_EDGE('',*,*,#1408,.T.);
#813=ORIENTED_EDGE('',*,*,#1259,.T.);
#814=ORIENTED_EDGE('',*,*,#1409,.F.);
#815=ORIENTED_EDGE('',*,*,#1409,.T.);
#816=ORIENTED_EDGE('',*,*,#1171,.T.);
#817=ORIENTED_EDGE('',*,*,#1407,.F.);
#818=ORIENTED_EDGE('',*,*,#1349,.F.);
#819=ORIENTED_EDGE('',*,*,#1408,.F.);
#820=ORIENTED_EDGE('',*,*,#1336,.T.);
#821=ORIENTED_EDGE('',*,*,#1406,.T.);
#822=ORIENTED_EDGE('',*,*,#1136,.F.);
#823=ORIENTED_EDGE('',*,*,#1410,.F.);
#824=ORIENTED_EDGE('',*,*,#1411,.F.);
#825=ORIENTED_EDGE('',*,*,#1412,.T.);
#826=ORIENTED_EDGE('',*,*,#1413,.T.);
#827=ORIENTED_EDGE('',*,*,#1414,.F.);
#828=ORIENTED_EDGE('',*,*,#1413,.F.);
#829=ORIENTED_EDGE('',*,*,#1415,.T.);
#830=ORIENTED_EDGE('',*,*,#1416,.T.);
#831=ORIENTED_EDGE('',*,*,#1417,.T.);
#832=ORIENTED_EDGE('',*,*,#1418,.F.);
#833=ORIENTED_EDGE('',*,*,#1419,.F.);
#834=ORIENTED_EDGE('',*,*,#1420,.F.);
#835=ORIENTED_EDGE('',*,*,#1421,.F.);
#836=ORIENTED_EDGE('',*,*,#1422,.F.);
#837=ORIENTED_EDGE('',*,*,#1423,.F.);
#838=ORIENTED_EDGE('',*,*,#1424,.F.);
#839=ORIENTED_EDGE('',*,*,#1425,.T.);
#840=ORIENTED_EDGE('',*,*,#1426,.F.);
#841=ORIENTED_EDGE('',*,*,#1427,.F.);
#842=ORIENTED_EDGE('',*,*,#1428,.F.);
#843=ORIENTED_EDGE('',*,*,#1429,.F.);
#844=ORIENTED_EDGE('',*,*,#1430,.T.);
#845=ORIENTED_EDGE('',*,*,#1431,.F.);
#846=ORIENTED_EDGE('',*,*,#1432,.T.);
#847=ORIENTED_EDGE('',*,*,#1433,.T.);
#848=ORIENTED_EDGE('',*,*,#1434,.T.);
#849=ORIENTED_EDGE('',*,*,#1435,.T.);
#850=ORIENTED_EDGE('',*,*,#1436,.T.);
#851=ORIENTED_EDGE('',*,*,#1437,.T.);
#852=ORIENTED_EDGE('',*,*,#1438,.T.);
#853=ORIENTED_EDGE('',*,*,#1439,.T.);
#854=ORIENTED_EDGE('',*,*,#1440,.T.);
#855=ORIENTED_EDGE('',*,*,#1411,.T.);
#856=ORIENTED_EDGE('',*,*,#1441,.T.);
#857=ORIENTED_EDGE('',*,*,#1442,.T.);
#858=ORIENTED_EDGE('',*,*,#1443,.T.);
#859=ORIENTED_EDGE('',*,*,#1444,.F.);
#860=ORIENTED_EDGE('',*,*,#1434,.F.);
#861=ORIENTED_EDGE('',*,*,#1445,.T.);
#862=ORIENTED_EDGE('',*,*,#1421,.T.);
#863=ORIENTED_EDGE('',*,*,#1445,.F.);
#864=ORIENTED_EDGE('',*,*,#1433,.F.);
#865=ORIENTED_EDGE('',*,*,#1446,.T.);
#866=ORIENTED_EDGE('',*,*,#1422,.T.);
#867=ORIENTED_EDGE('',*,*,#1436,.F.);
#868=ORIENTED_EDGE('',*,*,#1447,.T.);
#869=ORIENTED_EDGE('',*,*,#1419,.T.);
#870=ORIENTED_EDGE('',*,*,#1448,.F.);
#871=ORIENTED_EDGE('',*,*,#1426,.T.);
#872=ORIENTED_EDGE('',*,*,#1441,.F.);
#873=ORIENTED_EDGE('',*,*,#1427,.T.);
#874=ORIENTED_EDGE('',*,*,#1442,.F.);
#875=ORIENTED_EDGE('',*,*,#1428,.T.);
#876=ORIENTED_EDGE('',*,*,#1443,.F.);
#877=ORIENTED_EDGE('',*,*,#1417,.F.);
#878=ORIENTED_EDGE('',*,*,#1449,.T.);
#879=ORIENTED_EDGE('',*,*,#1438,.F.);
#880=ORIENTED_EDGE('',*,*,#1450,.T.);
#881=ORIENTED_EDGE('',*,*,#1451,.T.);
#882=ORIENTED_EDGE('',*,*,#1439,.F.);
#883=ORIENTED_EDGE('',*,*,#1449,.F.);
#884=ORIENTED_EDGE('',*,*,#1416,.F.);
#885=ORIENTED_EDGE('',*,*,#1440,.F.);
#886=ORIENTED_EDGE('',*,*,#1451,.F.);
#887=ORIENTED_EDGE('',*,*,#1415,.F.);
#888=ORIENTED_EDGE('',*,*,#1412,.F.);
#889=ORIENTED_EDGE('',*,*,#1410,.T.);
#890=ORIENTED_EDGE('',*,*,#1414,.T.);
#891=ORIENTED_EDGE('',*,*,#1452,.T.);
#892=ORIENTED_EDGE('',*,*,#1429,.T.);
#893=ORIENTED_EDGE('',*,*,#1453,.T.);
#894=ORIENTED_EDGE('',*,*,#1430,.F.);
#895=ORIENTED_EDGE('',*,*,#1452,.F.);
#896=ORIENTED_EDGE('',*,*,#1425,.F.);
#897=ORIENTED_EDGE('',*,*,#1454,.F.);
#898=ORIENTED_EDGE('',*,*,#1431,.T.);
#899=ORIENTED_EDGE('',*,*,#1453,.F.);
#900=ORIENTED_EDGE('',*,*,#1424,.T.);
#901=ORIENTED_EDGE('',*,*,#1455,.F.);
#902=ORIENTED_EDGE('',*,*,#1456,.F.);
#903=ORIENTED_EDGE('',*,*,#1457,.T.);
#904=ORIENTED_EDGE('',*,*,#1458,.T.);
#905=ORIENTED_EDGE('',*,*,#1457,.F.);
#906=ORIENTED_EDGE('',*,*,#1459,.F.);
#907=ORIENTED_EDGE('',*,*,#1460,.T.);
#908=ORIENTED_EDGE('',*,*,#1461,.T.);
#909=ORIENTED_EDGE('',*,*,#1462,.T.);
#910=ORIENTED_EDGE('',*,*,#1463,.F.);
#911=ORIENTED_EDGE('',*,*,#1464,.F.);
#912=ORIENTED_EDGE('',*,*,#1455,.T.);
#913=ORIENTED_EDGE('',*,*,#1465,.T.);
#914=ORIENTED_EDGE('',*,*,#1466,.F.);
#915=ORIENTED_EDGE('',*,*,#1462,.F.);
#916=ORIENTED_EDGE('',*,*,#1467,.T.);
#917=ORIENTED_EDGE('',*,*,#1465,.F.);
#918=ORIENTED_EDGE('',*,*,#1458,.F.);
#919=ORIENTED_EDGE('',*,*,#1461,.F.);
#920=ORIENTED_EDGE('',*,*,#1463,.T.);
#921=ORIENTED_EDGE('',*,*,#1468,.F.);
#922=ORIENTED_EDGE('',*,*,#1459,.T.);
#923=ORIENTED_EDGE('',*,*,#1456,.T.);
#924=ORIENTED_EDGE('',*,*,#1464,.T.);
#925=ORIENTED_EDGE('',*,*,#1448,.T.);
#926=ORIENTED_EDGE('',*,*,#1469,.F.);
#927=ORIENTED_EDGE('',*,*,#1460,.F.);
#928=ORIENTED_EDGE('',*,*,#1470,.T.);
#929=ORIENTED_EDGE('',*,*,#1466,.T.);
#930=ORIENTED_EDGE('',*,*,#1471,.T.);
#931=ORIENTED_EDGE('',*,*,#1450,.F.);
#932=ORIENTED_EDGE('',*,*,#1472,.F.);
#933=ORIENTED_EDGE('',*,*,#1472,.T.);
#934=ORIENTED_EDGE('',*,*,#1437,.F.);
#935=ORIENTED_EDGE('',*,*,#1470,.F.);
#936=ORIENTED_EDGE('',*,*,#1468,.T.);
#937=ORIENTED_EDGE('',*,*,#1471,.F.);
#938=ORIENTED_EDGE('',*,*,#1467,.F.);
#939=ORIENTED_EDGE('',*,*,#1469,.T.);
#940=ORIENTED_EDGE('',*,*,#1418,.T.);
#941=ORIENTED_EDGE('',*,*,#1473,.F.);
#942=ORIENTED_EDGE('',*,*,#1474,.F.);
#943=ORIENTED_EDGE('',*,*,#1475,.T.);
#944=ORIENTED_EDGE('',*,*,#1476,.T.);
#945=ORIENTED_EDGE('',*,*,#1475,.F.);
#946=ORIENTED_EDGE('',*,*,#1477,.F.);
#947=ORIENTED_EDGE('',*,*,#1478,.T.);
#948=ORIENTED_EDGE('',*,*,#1479,.T.);
#949=ORIENTED_EDGE('',*,*,#1480,.T.);
#950=ORIENTED_EDGE('',*,*,#1481,.F.);
#951=ORIENTED_EDGE('',*,*,#1482,.F.);
#952=ORIENTED_EDGE('',*,*,#1473,.T.);
#953=ORIENTED_EDGE('',*,*,#1483,.T.);
#954=ORIENTED_EDGE('',*,*,#1484,.F.);
#955=ORIENTED_EDGE('',*,*,#1480,.F.);
#956=ORIENTED_EDGE('',*,*,#1485,.T.);
#957=ORIENTED_EDGE('',*,*,#1483,.F.);
#958=ORIENTED_EDGE('',*,*,#1476,.F.);
#959=ORIENTED_EDGE('',*,*,#1479,.F.);
#960=ORIENTED_EDGE('',*,*,#1481,.T.);
#961=ORIENTED_EDGE('',*,*,#1486,.F.);
#962=ORIENTED_EDGE('',*,*,#1477,.T.);
#963=ORIENTED_EDGE('',*,*,#1474,.T.);
#964=ORIENTED_EDGE('',*,*,#1482,.T.);
#965=ORIENTED_EDGE('',*,*,#1454,.T.);
#966=ORIENTED_EDGE('',*,*,#1487,.F.);
#967=ORIENTED_EDGE('',*,*,#1478,.F.);
#968=ORIENTED_EDGE('',*,*,#1488,.T.);
#969=ORIENTED_EDGE('',*,*,#1484,.T.);
#970=ORIENTED_EDGE('',*,*,#1489,.T.);
#971=ORIENTED_EDGE('',*,*,#1446,.F.);
#972=ORIENTED_EDGE('',*,*,#1490,.F.);
#973=ORIENTED_EDGE('',*,*,#1490,.T.);
#974=ORIENTED_EDGE('',*,*,#1432,.F.);
#975=ORIENTED_EDGE('',*,*,#1488,.F.);
#976=ORIENTED_EDGE('',*,*,#1486,.T.);
#977=ORIENTED_EDGE('',*,*,#1489,.F.);
#978=ORIENTED_EDGE('',*,*,#1485,.F.);
#979=ORIENTED_EDGE('',*,*,#1487,.T.);
#980=ORIENTED_EDGE('',*,*,#1423,.T.);
#981=ORIENTED_EDGE('',*,*,#1245,.F.);
#982=ORIENTED_EDGE('',*,*,#1491,.F.);
#983=ORIENTED_EDGE('',*,*,#1447,.F.);
#984=ORIENTED_EDGE('',*,*,#1492,.T.);
#985=ORIENTED_EDGE('',*,*,#1444,.T.);
#986=ORIENTED_EDGE('',*,*,#1493,.T.);
#987=ORIENTED_EDGE('',*,*,#1319,.F.);
#988=ORIENTED_EDGE('',*,*,#1494,.F.);
#989=ORIENTED_EDGE('',*,*,#1494,.T.);
#990=ORIENTED_EDGE('',*,*,#1194,.T.);
#991=ORIENTED_EDGE('',*,*,#1492,.F.);
#992=ORIENTED_EDGE('',*,*,#1435,.F.);
#993=ORIENTED_EDGE('',*,*,#1493,.F.);
#994=ORIENTED_EDGE('',*,*,#1420,.T.);
#995=ORIENTED_EDGE('',*,*,#1491,.T.);
#996=ORIENTED_EDGE('',*,*,#1138,.F.);
#997=ORIENTED_EDGE('',*,*,#1495,.F.);
#998=ORIENTED_EDGE('',*,*,#1496,.T.);
#999=ORIENTED_EDGE('',*,*,#1497,.T.);
#1000=ORIENTED_EDGE('',*,*,#1498,.F.);
#1001=ORIENTED_EDGE('',*,*,#1499,.T.);
#1002=ORIENTED_EDGE('',*,*,#1500,.T.);
#1003=ORIENTED_EDGE('',*,*,#1501,.F.);
#1004=ORIENTED_EDGE('',*,*,#1502,.T.);
#1005=ORIENTED_EDGE('',*,*,#1503,.T.);
#1006=ORIENTED_EDGE('',*,*,#1504,.F.);
#1007=ORIENTED_EDGE('',*,*,#1505,.F.);
#1008=ORIENTED_EDGE('',*,*,#1498,.T.);
#1009=ORIENTED_EDGE('',*,*,#1506,.T.);
#1010=ORIENTED_EDGE('',*,*,#1507,.F.);
#1011=ORIENTED_EDGE('',*,*,#1503,.F.);
#1012=ORIENTED_EDGE('',*,*,#1497,.F.);
#1013=ORIENTED_EDGE('',*,*,#1508,.T.);
#1014=ORIENTED_EDGE('',*,*,#1499,.F.);
#1015=ORIENTED_EDGE('',*,*,#1509,.F.);
#1016=ORIENTED_EDGE('',*,*,#1506,.F.);
#1017=ORIENTED_EDGE('',*,*,#1504,.T.);
#1018=ORIENTED_EDGE('',*,*,#1501,.T.);
#1019=ORIENTED_EDGE('',*,*,#1510,.T.);
#1020=ORIENTED_EDGE('',*,*,#1495,.T.);
#1021=ORIENTED_EDGE('',*,*,#1505,.T.);
#1022=ORIENTED_EDGE('',*,*,#1511,.T.);
#1023=ORIENTED_EDGE('',*,*,#1510,.F.);
#1024=ORIENTED_EDGE('',*,*,#1500,.F.);
#1025=ORIENTED_EDGE('',*,*,#1508,.F.);
#1026=ORIENTED_EDGE('',*,*,#1496,.F.);
#1027=ORIENTED_EDGE('',*,*,#1251,.T.);
#1028=ORIENTED_EDGE('',*,*,#1512,.F.);
#1029=ORIENTED_EDGE('',*,*,#1502,.F.);
#1030=ORIENTED_EDGE('',*,*,#1513,.T.);
#1031=ORIENTED_EDGE('',*,*,#1507,.T.);
#1032=ORIENTED_EDGE('',*,*,#1514,.T.);
#1033=ORIENTED_EDGE('',*,*,#1246,.F.);
#1034=ORIENTED_EDGE('',*,*,#1515,.F.);
#1035=ORIENTED_EDGE('',*,*,#1515,.T.);
#1036=ORIENTED_EDGE('',*,*,#1160,.T.);
#1037=ORIENTED_EDGE('',*,*,#1513,.F.);
#1038=ORIENTED_EDGE('',*,*,#1511,.F.);
#1039=ORIENTED_EDGE('',*,*,#1514,.F.);
#1040=ORIENTED_EDGE('',*,*,#1509,.T.);
#1041=ORIENTED_EDGE('',*,*,#1512,.T.);
#1042=ORIENTED_EDGE('',*,*,#1124,.F.);
#1043=ORIENTED_EDGE('',*,*,#1516,.T.);
#1044=ORIENTED_EDGE('',*,*,#1517,.T.);
#1045=ORIENTED_EDGE('',*,*,#1518,.F.);
#1046=ORIENTED_EDGE('',*,*,#1519,.T.);
#1047=ORIENTED_EDGE('',*,*,#1519,.F.);
#1048=ORIENTED_EDGE('',*,*,#1520,.F.);
#1049=ORIENTED_EDGE('',*,*,#1521,.T.);
#1050=ORIENTED_EDGE('',*,*,#1522,.T.);
#1051=ORIENTED_EDGE('',*,*,#1523,.T.);
#1052=ORIENTED_EDGE('',*,*,#1524,.F.);
#1053=ORIENTED_EDGE('',*,*,#1525,.F.);
#1054=ORIENTED_EDGE('',*,*,#1526,.T.);
#1055=ORIENTED_EDGE('',*,*,#1527,.T.);
#1056=ORIENTED_EDGE('',*,*,#1528,.F.);
#1057=ORIENTED_EDGE('',*,*,#1523,.F.);
#1058=ORIENTED_EDGE('',*,*,#1527,.F.);
#1059=ORIENTED_EDGE('',*,*,#1529,.T.);
#1060=ORIENTED_EDGE('',*,*,#1516,.F.);
#1061=ORIENTED_EDGE('',*,*,#1522,.F.);
#1062=ORIENTED_EDGE('',*,*,#1530,.T.);
#1063=ORIENTED_EDGE('',*,*,#1524,.T.);
#1064=ORIENTED_EDGE('',*,*,#1518,.T.);
#1065=ORIENTED_EDGE('',*,*,#1531,.T.);
#1066=ORIENTED_EDGE('',*,*,#1525,.T.);
#1067=ORIENTED_EDGE('',*,*,#1532,.F.);
#1068=ORIENTED_EDGE('',*,*,#1520,.T.);
#1069=ORIENTED_EDGE('',*,*,#1531,.F.);
#1070=ORIENTED_EDGE('',*,*,#1517,.F.);
#1071=ORIENTED_EDGE('',*,*,#1529,.F.);
#1072=ORIENTED_EDGE('',*,*,#1526,.F.);
#1073=ORIENTED_EDGE('',*,*,#1255,.T.);
#1074=ORIENTED_EDGE('',*,*,#1533,.F.);
#1075=ORIENTED_EDGE('',*,*,#1521,.F.);
#1076=ORIENTED_EDGE('',*,*,#1534,.T.);
#1077=ORIENTED_EDGE('',*,*,#1528,.T.);
#1078=ORIENTED_EDGE('',*,*,#1535,.T.);
#1079=ORIENTED_EDGE('',*,*,#1239,.F.);
#1080=ORIENTED_EDGE('',*,*,#1536,.F.);
#1081=ORIENTED_EDGE('',*,*,#1536,.T.);
#1082=ORIENTED_EDGE('',*,*,#1206,.F.);
#1083=ORIENTED_EDGE('',*,*,#1534,.F.);
#1084=ORIENTED_EDGE('',*,*,#1532,.T.);
#1085=ORIENTED_EDGE('',*,*,#1535,.F.);
#1086=ORIENTED_EDGE('',*,*,#1530,.F.);
#1087=ORIENTED_EDGE('',*,*,#1533,.T.);
#1088=ORIENTED_EDGE('',*,*,#1112,.T.);
#1089=EDGE_CURVE('',#1537,#1538,#1827,.T.);
#1090=EDGE_CURVE('',#1537,#1539,#1828,.F.);
#1091=EDGE_CURVE('',#1539,#1540,#1829,.T.);
#1092=EDGE_CURVE('',#1540,#1538,#1830,.F.);
#1093=EDGE_CURVE('',#1541,#1542,#1831,.T.);
#1094=EDGE_CURVE('',#1541,#1543,#1832,.F.);
#1095=EDGE_CURVE('',#1543,#1544,#1833,.T.);
#1096=EDGE_CURVE('',#1542,#1544,#1834,.T.);
#1097=EDGE_CURVE('',#1545,#1546,#1835,.T.);
#1098=EDGE_CURVE('',#1546,#1547,#1836,.T.);
#1099=EDGE_CURVE('',#1548,#1547,#1837,.T.);
#1100=EDGE_CURVE('',#1545,#1548,#1838,.T.);
#1101=EDGE_CURVE('',#1549,#1550,#1839,.T.);
#1102=EDGE_CURVE('',#1549,#1551,#83,.F.);
#1103=EDGE_CURVE('',#1552,#1551,#1840,.T.);
#1104=EDGE_CURVE('',#1553,#1552,#1841,.T.);
#1105=EDGE_CURVE('',#1553,#1554,#1842,.T.);
#1106=EDGE_CURVE('',#1554,#1555,#1843,.T.);
#1107=EDGE_CURVE('',#1555,#1540,#1844,.T.);
#1108=EDGE_CURVE('',#1539,#1556,#1845,.T.);
#1109=EDGE_CURVE('',#1556,#1557,#1846,.T.);
#1110=EDGE_CURVE('',#1557,#1558,#84,.F.);
#1111=EDGE_CURVE('',#1558,#1559,#1847,.T.);
#1112=EDGE_CURVE('',#1550,#1559,#1848,.T.);
#1113=EDGE_CURVE('',#1560,#1561,#1849,.T.);
#1114=EDGE_CURVE('',#1560,#1562,#85,.F.);
#1115=EDGE_CURVE('',#1563,#1562,#1850,.T.);
#1116=EDGE_CURVE('',#1564,#1563,#1851,.T.);
#1117=EDGE_CURVE('',#1564,#1565,#1852,.T.);
#1118=EDGE_CURVE('',#1565,#1566,#1853,.T.);
#1119=EDGE_CURVE('',#1544,#1566,#1854,.T.);
#1120=EDGE_CURVE('',#1543,#1567,#1855,.T.);
#1121=EDGE_CURVE('',#1567,#1568,#1856,.T.);
#1122=EDGE_CURVE('',#1568,#1569,#86,.F.);
#1123=EDGE_CURVE('',#1569,#1570,#1857,.T.);
#1124=EDGE_CURVE('',#1570,#1561,#1858,.T.);
#1125=EDGE_CURVE('',#1571,#1571,#87,.T.);
#1126=EDGE_CURVE('',#1572,#1572,#88,.T.);
#1127=EDGE_CURVE('',#1573,#1573,#89,.T.);
#1128=EDGE_CURVE('',#1574,#1574,#90,.T.);
#1129=EDGE_CURVE('',#1575,#1575,#91,.T.);
#1130=EDGE_CURVE('',#1576,#1576,#92,.T.);
#1131=EDGE_CURVE('',#1577,#1577,#93,.T.);
#1132=EDGE_CURVE('',#1578,#1578,#94,.T.);
#1133=EDGE_CURVE('',#1579,#1579,#95,.T.);
#1134=EDGE_CURVE('',#1580,#1581,#96,.F.);
#1135=EDGE_CURVE('',#1581,#1582,#1859,.T.);
#1136=EDGE_CURVE('',#1582,#1583,#1860,.T.);
#1137=EDGE_CURVE('',#1583,#1584,#1861,.T.);
#1138=EDGE_CURVE('',#1584,#1585,#1862,.T.);
#1139=EDGE_CURVE('',#1586,#1585,#1863,.T.);
#1140=EDGE_CURVE('',#1586,#1587,#97,.F.);
#1141=EDGE_CURVE('',#1588,#1587,#1864,.T.);
#1142=EDGE_CURVE('',#1588,#1589,#1865,.T.);
#1143=EDGE_CURVE('',#1589,#1590,#1866,.T.);
#1144=EDGE_CURVE('',#1590,#1591,#1867,.T.);
#1145=EDGE_CURVE('',#1591,#1592,#1868,.F.);
#1146=EDGE_CURVE('',#1592,#1593,#1869,.T.);
#1147=EDGE_CURVE('',#1593,#1594,#1870,.T.);
#1148=EDGE_CURVE('',#1594,#1595,#1871,.T.);
#1149=EDGE_CURVE('',#1595,#1596,#98,.T.);
#1150=EDGE_CURVE('',#1596,#1597,#1872,.T.);
#1151=EDGE_CURVE('',#1597,#1598,#99,.T.);
#1152=EDGE_CURVE('',#1598,#1599,#1873,.T.);
#1153=EDGE_CURVE('',#1599,#1600,#1874,.T.);
#1154=EDGE_CURVE('',#1601,#1600,#1875,.T.);
#1155=EDGE_CURVE('',#1601,#1602,#1876,.F.);
#1156=EDGE_CURVE('',#1602,#1603,#1877,.T.);
#1157=EDGE_CURVE('',#1603,#1548,#1878,.T.);
#1158=EDGE_CURVE('',#1547,#1580,#1879,.T.);
#1159=EDGE_CURVE('',#1604,#1605,#1880,.T.);
#1160=EDGE_CURVE('',#1606,#1604,#1881,.T.);
#1161=EDGE_CURVE('',#1606,#1607,#1882,.T.);
#1162=EDGE_CURVE('',#1607,#1608,#100,.T.);
#1163=EDGE_CURVE('',#1608,#1609,#1883,.T.);
#1164=EDGE_CURVE('',#1609,#1541,#1884,.T.);
#1165=EDGE_CURVE('',#1542,#1610,#1885,.F.);
#1166=EDGE_CURVE('',#1610,#1611,#1886,.T.);
#1167=EDGE_CURVE('',#1612,#1611,#1887,.T.);
#1168=EDGE_CURVE('',#1613,#1612,#1888,.T.);
#1169=EDGE_CURVE('',#1614,#1613,#1889,.T.);
#1170=EDGE_CURVE('',#1614,#1605,#101,.T.);
#1171=EDGE_CURVE('',#1615,#1616,#1890,.T.);
#1172=EDGE_CURVE('',#1615,#1617,#1891,.T.);
#1173=EDGE_CURVE('',#1617,#1618,#102,.T.);
#1174=EDGE_CURVE('',#1618,#1546,#1892,.T.);
#1175=EDGE_CURVE('',#1619,#1545,#1893,.F.);
#1176=EDGE_CURVE('',#1620,#1619,#1894,.T.);
#1177=EDGE_CURVE('',#1621,#1620,#1895,.F.);
#1178=EDGE_CURVE('',#1621,#1622,#1896,.F.);
#1179=EDGE_CURVE('',#1623,#1622,#1897,.T.);
#1180=EDGE_CURVE('',#1624,#1623,#1898,.T.);
#1181=EDGE_CURVE('',#1625,#1624,#103,.T.);
#1182=EDGE_CURVE('',#1626,#1625,#1899,.T.);
#1183=EDGE_CURVE('',#1627,#1626,#104,.T.);
#1184=EDGE_CURVE('',#1628,#1627,#1900,.F.);
#1185=EDGE_CURVE('',#1629,#1628,#1901,.T.);
#1186=EDGE_CURVE('',#1630,#1629,#1902,.T.);
#1187=EDGE_CURVE('',#1631,#1630,#1903,.F.);
#1188=EDGE_CURVE('',#1632,#1631,#1904,.F.);
#1189=EDGE_CURVE('',#1633,#1632,#1905,.F.);
#1190=EDGE_CURVE('',#1634,#1633,#1906,.F.);
#1191=EDGE_CURVE('',#1635,#1634,#1907,.T.);
#1192=EDGE_CURVE('',#1635,#1636,#105,.T.);
#1193=EDGE_CURVE('',#1637,#1636,#1908,.T.);
#1194=EDGE_CURVE('',#1638,#1637,#1909,.T.);
#1195=EDGE_CURVE('',#1616,#1638,#1910,.T.);
#1196=EDGE_CURVE('',#1639,#1639,#106,.T.);
#1197=EDGE_CURVE('',#1640,#1640,#107,.T.);
#1198=EDGE_CURVE('',#1641,#1641,#108,.T.);
#1199=EDGE_CURVE('',#1642,#1642,#109,.T.);
#1200=EDGE_CURVE('',#1643,#1643,#110,.T.);
#1201=EDGE_CURVE('',#1644,#1644,#111,.T.);
#1202=EDGE_CURVE('',#1645,#1645,#112,.T.);
#1203=EDGE_CURVE('',#1646,#1646,#113,.T.);
#1204=EDGE_CURVE('',#1647,#1647,#114,.T.);
#1205=EDGE_CURVE('',#1648,#1649,#1911,.T.);
#1206=EDGE_CURVE('',#1648,#1650,#1912,.T.);
#1207=EDGE_CURVE('',#1650,#1651,#1913,.T.);
#1208=EDGE_CURVE('',#1651,#1652,#115,.T.);
#1209=EDGE_CURVE('',#1652,#1653,#1914,.T.);
#1210=EDGE_CURVE('',#1653,#1537,#1915,.T.);
#1211=EDGE_CURVE('',#1538,#1654,#1916,.T.);
#1212=EDGE_CURVE('',#1655,#1654,#1917,.T.);
#1213=EDGE_CURVE('',#1656,#1655,#1918,.T.);
#1214=EDGE_CURVE('',#1657,#1656,#1919,.T.);
#1215=EDGE_CURVE('',#1658,#1657,#1920,.T.);
#1216=EDGE_CURVE('',#1658,#1649,#116,.T.);
#1217=EDGE_CURVE('',#1654,#1555,#1921,.T.);
#1218=EDGE_CURVE('',#1655,#1554,#1922,.T.);
#1219=EDGE_CURVE('',#1612,#1564,#1923,.T.);
#1220=EDGE_CURVE('',#1611,#1565,#1924,.T.);
#1221=EDGE_CURVE('',#1566,#1610,#1925,.F.);
#1222=EDGE_CURVE('',#1634,#1588,#1926,.T.);
#1223=EDGE_CURVE('',#1633,#1589,#1927,.T.);
#1224=EDGE_CURVE('',#1632,#1590,#1928,.T.);
#1225=EDGE_CURVE('',#1631,#1591,#1929,.T.);
#1226=EDGE_CURVE('',#1630,#1592,#1930,.T.);
#1227=EDGE_CURVE('',#1629,#1593,#1931,.T.);
#1228=EDGE_CURVE('',#1628,#1594,#1932,.T.);
#1229=EDGE_CURVE('',#1627,#1595,#1933,.T.);
#1230=EDGE_CURVE('',#1626,#1596,#1934,.T.);
#1231=EDGE_CURVE('',#1625,#1597,#1935,.T.);
#1232=EDGE_CURVE('',#1624,#1598,#1936,.T.);
#1233=EDGE_CURVE('',#1623,#1599,#1937,.T.);
#1234=EDGE_CURVE('',#1622,#1600,#1938,.T.);
#1235=EDGE_CURVE('',#1621,#1601,#1939,.T.);
#1236=EDGE_CURVE('',#1620,#1602,#1940,.T.);
#1237=EDGE_CURVE('',#1619,#1603,#1941,.T.);
#1238=EDGE_CURVE('',#1656,#1553,#1942,.T.);
#1239=EDGE_CURVE('',#1650,#1559,#1943,.T.);
#1240=EDGE_CURVE('',#1558,#1651,#1944,.T.);
#1241=EDGE_CURVE('',#1557,#1652,#1945,.T.);
#1242=EDGE_CURVE('',#1556,#1653,#1946,.T.);
#1243=EDGE_CURVE('',#1587,#1635,#1947,.T.);
#1244=EDGE_CURVE('',#1586,#1636,#1948,.T.);
#1245=EDGE_CURVE('',#1585,#1637,#1949,.T.);
#1246=EDGE_CURVE('',#1606,#1570,#1950,.F.);
#1247=EDGE_CURVE('',#1569,#1607,#1951,.T.);
#1248=EDGE_CURVE('',#1568,#1608,#1952,.T.);
#1249=EDGE_CURVE('',#1567,#1609,#1953,.T.);
#1250=EDGE_CURVE('',#1560,#1605,#1954,.T.);
#1251=EDGE_CURVE('',#1604,#1561,#1955,.T.);
#1252=EDGE_CURVE('',#1562,#1614,#1956,.T.);
#1253=EDGE_CURVE('',#1563,#1613,#1957,.T.);
#1254=EDGE_CURVE('',#1549,#1649,#1958,.T.);
#1255=EDGE_CURVE('',#1648,#1550,#1959,.F.);
#1256=EDGE_CURVE('',#1551,#1658,#1960,.T.);
#1257=EDGE_CURVE('',#1552,#1657,#1961,.T.);
#1258=EDGE_CURVE('',#1581,#1617,#1962,.T.);
#1259=EDGE_CURVE('',#1582,#1615,#1963,.T.);
#1260=EDGE_CURVE('',#1580,#1618,#1964,.T.);
#1261=EDGE_CURVE('',#1659,#1660,#1965,.F.);
#1262=EDGE_CURVE('',#1660,#1661,#1966,.T.);
#1263=EDGE_CURVE('',#1662,#1661,#1967,.F.);
#1264=EDGE_CURVE('',#1662,#1659,#1968,.T.);
#1265=EDGE_CURVE('',#1663,#1664,#1969,.F.);
#1266=EDGE_CURVE('',#1663,#1665,#1970,.T.);
#1267=EDGE_CURVE('',#1665,#1666,#1971,.T.);
#1268=EDGE_CURVE('',#1664,#1666,#1972,.T.);
#1269=EDGE_CURVE('',#1667,#1668,#1973,.T.);
#1270=EDGE_CURVE('',#1667,#1669,#1974,.T.);
#1271=EDGE_CURVE('',#1669,#1670,#1975,.T.);
#1272=EDGE_CURVE('',#1670,#1668,#1976,.T.);
#1273=EDGE_CURVE('',#1671,#1670,#1977,.T.);
#1274=EDGE_CURVE('',#1671,#1672,#1978,.F.);
#1275=EDGE_CURVE('',#1672,#1668,#1979,.T.);
#1276=EDGE_CURVE('',#1673,#1674,#1980,.T.);
#1277=EDGE_CURVE('',#1673,#1675,#1981,.F.);
#1278=EDGE_CURVE('',#1675,#1676,#1982,.T.);
#1279=EDGE_CURVE('',#1676,#1674,#1983,.T.);
#1280=EDGE_CURVE('',#1677,#1678,#1984,.T.);
#1281=EDGE_CURVE('',#1678,#1679,#1985,.T.);
#1282=EDGE_CURVE('',#1680,#1679,#1986,.T.);
#1283=EDGE_CURVE('',#1680,#1677,#1987,.T.);
#1284=EDGE_CURVE('',#1681,#1680,#1988,.T.);
#1285=EDGE_CURVE('',#1681,#1682,#1989,.T.);
#1286=EDGE_CURVE('',#1682,#1677,#1990,.T.);
#1287=EDGE_CURVE('',#1683,#1684,#1991,.T.);
#1288=EDGE_CURVE('',#1683,#1685,#1992,.T.);
#1289=EDGE_CURVE('',#1685,#1686,#1993,.T.);
#1290=EDGE_CURVE('',#1686,#1684,#1994,.T.);
#1291=EDGE_CURVE('',#1687,#1686,#1995,.T.);
#1292=EDGE_CURVE('',#1687,#1688,#1996,.T.);
#1293=EDGE_CURVE('',#1688,#1684,#1997,.T.);
#1294=EDGE_CURVE('',#1689,#1687,#1998,.F.);
#1295=EDGE_CURVE('',#1689,#1690,#1999,.T.);
#1296=EDGE_CURVE('',#1690,#1688,#2000,.F.);
#1297=EDGE_CURVE('',#1691,#1692,#2001,.T.);
#1298=EDGE_CURVE('',#1691,#1690,#2002,.F.);
#1299=EDGE_CURVE('',#1692,#1689,#2003,.F.);
#1300=EDGE_CURVE('',#1693,#1662,#2004,.F.);
#1301=EDGE_CURVE('',#1693,#1694,#2005,.T.);
#1302=EDGE_CURVE('',#1694,#1659,#2006,.F.);
#1303=EDGE_CURVE('',#1695,#1695,#117,.T.);
#1304=EDGE_CURVE('',#1696,#1696,#118,.T.);
#1305=EDGE_CURVE('',#1697,#1697,#119,.T.);
#1306=EDGE_CURVE('',#1698,#1698,#120,.T.);
#1307=EDGE_CURVE('',#1664,#1693,#2007,.F.);
#1308=EDGE_CURVE('',#1666,#1694,#2008,.T.);
#1309=EDGE_CURVE('',#1675,#1678,#121,.T.);
#1310=EDGE_CURVE('',#1682,#1683,#122,.T.);
#1311=EDGE_CURVE('',#1660,#1691,#2009,.T.);
#1312=EDGE_CURVE('',#1665,#1667,#123,.T.);
#1313=EDGE_CURVE('',#1672,#1676,#124,.T.);
#1314=EDGE_CURVE('',#1679,#1673,#125,.F.);
#1315=EDGE_CURVE('',#1674,#1671,#126,.F.);
#1316=EDGE_CURVE('',#1669,#1663,#127,.F.);
#1317=EDGE_CURVE('',#1661,#1692,#2010,.T.);
#1318=EDGE_CURVE('',#1685,#1681,#128,.F.);
#1319=EDGE_CURVE('',#1638,#1584,#2011,.T.);
#1320=EDGE_CURVE('',#1691,#1584,#129,.T.);
#1321=EDGE_CURVE('',#1692,#1638,#130,.T.);
#1322=EDGE_CURVE('',#1660,#1583,#131,.T.);
#1323=EDGE_CURVE('',#1616,#1583,#2012,.F.);
#1324=EDGE_CURVE('',#1661,#1616,#132,.T.);
#1325=EDGE_CURVE('',#1699,#1700,#2013,.F.);
#1326=EDGE_CURVE('',#1701,#1699,#2014,.T.);
#1327=EDGE_CURVE('',#1701,#1702,#2015,.F.);
#1328=EDGE_CURVE('',#1702,#1700,#2016,.T.);
#1329=EDGE_CURVE('',#1700,#1703,#2017,.T.);
#1330=EDGE_CURVE('',#1702,#1704,#2018,.T.);
#1331=EDGE_CURVE('',#1704,#1705,#133,.F.);
#1332=EDGE_CURVE('',#1705,#1706,#2019,.T.);
#1333=EDGE_CURVE('',#1707,#1706,#2020,.T.);
#1334=EDGE_CURVE('',#1707,#1708,#2021,.T.);
#1335=EDGE_CURVE('',#1708,#1709,#2022,.T.);
#1336=EDGE_CURVE('',#1710,#1709,#2023,.F.);
#1337=EDGE_CURVE('',#1711,#1710,#2024,.T.);
#1338=EDGE_CURVE('',#1712,#1711,#2025,.T.);
#1339=EDGE_CURVE('',#1713,#1712,#2026,.T.);
#1340=EDGE_CURVE('',#1713,#1703,#134,.F.);
#1341=EDGE_CURVE('',#1714,#1714,#135,.T.);
#1342=EDGE_CURVE('',#1715,#1715,#136,.T.);
#1343=EDGE_CURVE('',#1716,#1716,#137,.T.);
#1344=EDGE_CURVE('',#1717,#1699,#2027,.T.);
#1345=EDGE_CURVE('',#1717,#1718,#138,.T.);
#1346=EDGE_CURVE('',#1719,#1718,#2028,.T.);
#1347=EDGE_CURVE('',#1719,#1720,#2029,.T.);
#1348=EDGE_CURVE('',#1720,#1721,#2030,.T.);
#1349=EDGE_CURVE('',#1721,#1722,#2031,.F.);
#1350=EDGE_CURVE('',#1723,#1722,#2032,.T.);
#1351=EDGE_CURVE('',#1724,#1723,#2033,.F.);
#1352=EDGE_CURVE('',#1724,#1725,#2034,.T.);
#1353=EDGE_CURVE('',#1725,#1726,#2035,.T.);
#1354=EDGE_CURVE('',#1726,#1727,#139,.T.);
#1355=EDGE_CURVE('',#1727,#1701,#2036,.T.);
#1356=EDGE_CURVE('',#1728,#1728,#140,.T.);
#1357=EDGE_CURVE('',#1729,#1729,#141,.T.);
#1358=EDGE_CURVE('',#1730,#1730,#142,.T.);
#1359=EDGE_CURVE('',#1724,#1707,#2037,.T.);
#1360=EDGE_CURVE('',#1723,#1708,#2038,.T.);
#1361=EDGE_CURVE('',#1722,#1709,#2039,.T.);
#1362=EDGE_CURVE('',#1721,#1710,#2040,.T.);
#1363=EDGE_CURVE('',#1720,#1711,#2041,.F.);
#1364=EDGE_CURVE('',#1705,#1726,#2042,.T.);
#1365=EDGE_CURVE('',#1725,#1706,#2043,.F.);
#1366=EDGE_CURVE('',#1704,#1727,#2044,.T.);
#1367=EDGE_CURVE('',#1703,#1717,#2045,.T.);
#1368=EDGE_CURVE('',#1713,#1718,#2046,.T.);
#1369=EDGE_CURVE('',#1719,#1712,#2047,.T.);
#1370=EDGE_CURVE('',#1731,#1732,#2048,.T.);
#1371=EDGE_CURVE('',#1733,#1731,#2049,.F.);
#1372=EDGE_CURVE('',#1733,#1734,#2050,.T.);
#1373=EDGE_CURVE('',#1734,#1732,#2051,.T.);
#1374=EDGE_CURVE('',#1735,#1733,#2052,.T.);
#1375=EDGE_CURVE('',#1735,#1736,#2053,.T.);
#1376=EDGE_CURVE('',#1736,#1734,#2054,.T.);
#1377=EDGE_CURVE('',#1737,#1737,#143,.T.);
#1378=EDGE_CURVE('',#1738,#1738,#144,.T.);
#1379=EDGE_CURVE('',#1731,#1739,#2055,.F.);
#1380=EDGE_CURVE('',#1732,#1740,#2056,.T.);
#1381=EDGE_CURVE('',#1739,#1740,#2057,.T.);
#1382=EDGE_CURVE('',#1736,#1740,#2058,.F.);
#1383=EDGE_CURVE('',#1735,#1739,#2059,.F.);
#1384=EDGE_CURVE('',#1736,#1712,#145,.T.);
#1385=EDGE_CURVE('',#1735,#1719,#146,.T.);
#1386=EDGE_CURVE('',#1711,#1740,#20,.T.);
#1387=EDGE_CURVE('',#1720,#1739,#21,.T.);
#1388=EDGE_CURVE('',#1741,#1742,#2060,.T.);
#1389=EDGE_CURVE('',#1743,#1741,#2061,.F.);
#1390=EDGE_CURVE('',#1743,#1744,#2062,.T.);
#1391=EDGE_CURVE('',#1744,#1742,#2063,.T.);
#1392=EDGE_CURVE('',#1745,#1743,#2064,.T.);
#1393=EDGE_CURVE('',#1745,#1746,#2065,.T.);
#1394=EDGE_CURVE('',#1746,#1744,#2066,.T.);
#1395=EDGE_CURVE('',#1747,#1747,#147,.T.);
#1396=EDGE_CURVE('',#1748,#1748,#148,.T.);
#1397=EDGE_CURVE('',#1741,#1749,#2067,.F.);
#1398=EDGE_CURVE('',#1742,#1750,#2068,.T.);
#1399=EDGE_CURVE('',#1749,#1750,#2069,.T.);
#1400=EDGE_CURVE('',#1746,#1750,#2070,.F.);
#1401=EDGE_CURVE('',#1745,#1749,#2071,.F.);
#1402=EDGE_CURVE('',#1746,#1707,#149,.T.);
#1403=EDGE_CURVE('',#1745,#1724,#150,.T.);
#1404=EDGE_CURVE('',#1750,#1706,#151,.T.);
#1405=EDGE_CURVE('',#1749,#1725,#152,.T.);
#1406=EDGE_CURVE('',#1709,#1583,#153,.T.);
#1407=EDGE_CURVE('',#1722,#1616,#154,.T.);
#1408=EDGE_CURVE('',#1710,#1582,#155,.T.);
#1409=EDGE_CURVE('',#1721,#1615,#156,.T.);
#1410=EDGE_CURVE('',#1751,#1752,#2072,.F.);
#1411=EDGE_CURVE('',#1753,#1751,#2073,.T.);
#1412=EDGE_CURVE('',#1753,#1754,#2074,.F.);
#1413=EDGE_CURVE('',#1754,#1752,#2075,.T.);
#1414=EDGE_CURVE('',#1752,#1755,#2076,.T.);
#1415=EDGE_CURVE('',#1754,#1756,#2077,.T.);
#1416=EDGE_CURVE('',#1756,#1757,#157,.F.);
#1417=EDGE_CURVE('',#1757,#1758,#2078,.T.);
#1418=EDGE_CURVE('',#1759,#1758,#2079,.T.);
#1419=EDGE_CURVE('',#1760,#1759,#2080,.T.);
#1420=EDGE_CURVE('',#1761,#1760,#2081,.F.);
#1421=EDGE_CURVE('',#1762,#1761,#2082,.T.);
#1422=EDGE_CURVE('',#1763,#1762,#2083,.T.);
#1423=EDGE_CURVE('',#1764,#1763,#2084,.T.);
#1424=EDGE_CURVE('',#1765,#1764,#2085,.T.);
#1425=EDGE_CURVE('',#1765,#1755,#158,.F.);
#1426=EDGE_CURVE('',#1766,#1766,#159,.T.);
#1427=EDGE_CURVE('',#1767,#1767,#160,.T.);
#1428=EDGE_CURVE('',#1768,#1768,#161,.T.);
#1429=EDGE_CURVE('',#1769,#1751,#2086,.T.);
#1430=EDGE_CURVE('',#1769,#1770,#162,.T.);
#1431=EDGE_CURVE('',#1771,#1770,#2087,.T.);
#1432=EDGE_CURVE('',#1771,#1772,#2088,.T.);
#1433=EDGE_CURVE('',#1772,#1773,#2089,.F.);
#1434=EDGE_CURVE('',#1773,#1774,#2090,.T.);
#1435=EDGE_CURVE('',#1774,#1775,#2091,.F.);
#1436=EDGE_CURVE('',#1775,#1776,#2092,.T.);
#1437=EDGE_CURVE('',#1776,#1777,#2093,.T.);
#1438=EDGE_CURVE('',#1777,#1778,#2094,.T.);
#1439=EDGE_CURVE('',#1778,#1779,#163,.T.);
#1440=EDGE_CURVE('',#1779,#1753,#2095,.T.);
#1441=EDGE_CURVE('',#1780,#1780,#164,.T.);
#1442=EDGE_CURVE('',#1781,#1781,#165,.T.);
#1443=EDGE_CURVE('',#1782,#1782,#166,.T.);
#1444=EDGE_CURVE('',#1774,#1761,#2096,.T.);
#1445=EDGE_CURVE('',#1773,#1762,#2097,.T.);
#1446=EDGE_CURVE('',#1772,#1763,#2098,.F.);
#1447=EDGE_CURVE('',#1775,#1760,#2099,.T.);
#1448=EDGE_CURVE('',#1776,#1759,#2100,.F.);
#1449=EDGE_CURVE('',#1757,#1778,#2101,.T.);
#1450=EDGE_CURVE('',#1777,#1758,#2102,.F.);
#1451=EDGE_CURVE('',#1756,#1779,#2103,.T.);
#1452=EDGE_CURVE('',#1755,#1769,#2104,.T.);
#1453=EDGE_CURVE('',#1765,#1770,#2105,.T.);
#1454=EDGE_CURVE('',#1771,#1764,#2106,.T.);
#1455=EDGE_CURVE('',#1783,#1784,#2107,.T.);
#1456=EDGE_CURVE('',#1785,#1783,#2108,.T.);
#1457=EDGE_CURVE('',#1785,#1786,#2109,.T.);
#1458=EDGE_CURVE('',#1786,#1784,#2110,.T.);
#1459=EDGE_CURVE('',#1787,#1785,#2111,.F.);
#1460=EDGE_CURVE('',#1787,#1788,#2112,.T.);
#1461=EDGE_CURVE('',#1788,#1786,#2113,.T.);
#1462=EDGE_CURVE('',#1789,#1789,#167,.T.);
#1463=EDGE_CURVE('',#1790,#1790,#168,.T.);
#1464=EDGE_CURVE('',#1783,#1791,#2114,.T.);
#1465=EDGE_CURVE('',#1784,#1792,#2115,.T.);
#1466=EDGE_CURVE('',#1791,#1792,#2116,.T.);
#1467=EDGE_CURVE('',#1788,#1792,#2117,.F.);
#1468=EDGE_CURVE('',#1787,#1791,#2118,.F.);
#1469=EDGE_CURVE('',#1788,#1759,#22,.T.);
#1470=EDGE_CURVE('',#1787,#1776,#23,.T.);
#1471=EDGE_CURVE('',#1792,#1758,#169,.T.);
#1472=EDGE_CURVE('',#1791,#1777,#170,.T.);
#1473=EDGE_CURVE('',#1793,#1794,#2119,.T.);
#1474=EDGE_CURVE('',#1795,#1793,#2120,.T.);
#1475=EDGE_CURVE('',#1795,#1796,#2121,.T.);
#1476=EDGE_CURVE('',#1796,#1794,#2122,.T.);
#1477=EDGE_CURVE('',#1797,#1795,#2123,.F.);
#1478=EDGE_CURVE('',#1797,#1798,#2124,.T.);
#1479=EDGE_CURVE('',#1798,#1796,#2125,.T.);
#1480=EDGE_CURVE('',#1799,#1799,#171,.T.);
#1481=EDGE_CURVE('',#1800,#1800,#172,.T.);
#1482=EDGE_CURVE('',#1793,#1801,#2126,.T.);
#1483=EDGE_CURVE('',#1794,#1802,#2127,.T.);
#1484=EDGE_CURVE('',#1801,#1802,#2128,.T.);
#1485=EDGE_CURVE('',#1798,#1802,#2129,.F.);
#1486=EDGE_CURVE('',#1797,#1801,#2130,.F.);
#1487=EDGE_CURVE('',#1798,#1764,#173,.T.);
#1488=EDGE_CURVE('',#1797,#1771,#174,.T.);
#1489=EDGE_CURVE('',#1802,#1763,#175,.T.);
#1490=EDGE_CURVE('',#1801,#1772,#176,.T.);
#1491=EDGE_CURVE('',#1760,#1585,#177,.T.);
#1492=EDGE_CURVE('',#1775,#1637,#178,.T.);
#1493=EDGE_CURVE('',#1761,#1584,#179,.T.);
#1494=EDGE_CURVE('',#1774,#1638,#180,.T.);
#1495=EDGE_CURVE('',#1803,#1804,#2131,.T.);
#1496=EDGE_CURVE('',#1803,#1805,#2132,.F.);
#1497=EDGE_CURVE('',#1805,#1806,#2133,.T.);
#1498=EDGE_CURVE('',#1804,#1806,#2134,.T.);
#1499=EDGE_CURVE('',#1807,#1808,#2135,.T.);
#1500=EDGE_CURVE('',#1808,#1809,#2136,.F.);
#1501=EDGE_CURVE('',#1810,#1809,#2137,.F.);
#1502=EDGE_CURVE('',#1810,#1807,#2138,.T.);
#1503=EDGE_CURVE('',#1811,#1811,#181,.T.);
#1504=EDGE_CURVE('',#1812,#1812,#182,.T.);
#1505=EDGE_CURVE('',#1804,#1813,#2139,.T.);
#1506=EDGE_CURVE('',#1806,#1814,#2140,.T.);
#1507=EDGE_CURVE('',#1813,#1814,#2141,.T.);
#1508=EDGE_CURVE('',#1805,#1808,#2142,.F.);
#1509=EDGE_CURVE('',#1814,#1807,#2143,.F.);
#1510=EDGE_CURVE('',#1809,#1803,#2144,.F.);
#1511=EDGE_CURVE('',#1813,#1810,#2145,.F.);
#1512=EDGE_CURVE('',#1807,#1561,#183,.T.);
#1513=EDGE_CURVE('',#1810,#1604,#184,.T.);
#1514=EDGE_CURVE('',#1814,#1570,#185,.T.);
#1515=EDGE_CURVE('',#1813,#1606,#186,.T.);
#1516=EDGE_CURVE('',#1815,#1816,#2146,.T.);
#1517=EDGE_CURVE('',#1816,#1817,#2147,.F.);
#1518=EDGE_CURVE('',#1818,#1817,#2148,.T.);
#1519=EDGE_CURVE('',#1818,#1815,#2149,.T.);
#1520=EDGE_CURVE('',#1819,#1818,#2150,.F.);
#1521=EDGE_CURVE('',#1819,#1820,#2151,.T.);
#1522=EDGE_CURVE('',#1820,#1815,#2152,.T.);
#1523=EDGE_CURVE('',#1821,#1821,#187,.T.);
#1524=EDGE_CURVE('',#1822,#1822,#188,.T.);
#1525=EDGE_CURVE('',#1823,#1824,#2153,.T.);
#1526=EDGE_CURVE('',#1823,#1825,#2154,.F.);
#1527=EDGE_CURVE('',#1825,#1826,#2155,.T.);
#1528=EDGE_CURVE('',#1824,#1826,#2156,.T.);
#1529=EDGE_CURVE('',#1825,#1816,#2157,.F.);
#1530=EDGE_CURVE('',#1820,#1826,#2158,.F.);
#1531=EDGE_CURVE('',#1817,#1823,#2159,.F.);
#1532=EDGE_CURVE('',#1819,#1824,#2160,.F.);
#1533=EDGE_CURVE('',#1820,#1550,#189,.T.);
#1534=EDGE_CURVE('',#1819,#1648,#190,.T.);
#1535=EDGE_CURVE('',#1826,#1559,#191,.T.);
#1536=EDGE_CURVE('',#1824,#1650,#192,.T.);
#1537=VERTEX_POINT('',#4539);
#1538=VERTEX_POINT('',#4540);
#1539=VERTEX_POINT('',#4542);
#1540=VERTEX_POINT('',#4544);
#1541=VERTEX_POINT('',#4548);
#1542=VERTEX_POINT('',#4549);
#1543=VERTEX_POINT('',#4551);
#1544=VERTEX_POINT('',#4553);
#1545=VERTEX_POINT('',#4557);
#1546=VERTEX_POINT('',#4558);
#1547=VERTEX_POINT('',#4560);
#1548=VERTEX_POINT('',#4562);
#1549=VERTEX_POINT('',#4566);
#1550=VERTEX_POINT('',#4567);
#1551=VERTEX_POINT('',#4569);
#1552=VERTEX_POINT('',#4571);
#1553=VERTEX_POINT('',#4573);
#1554=VERTEX_POINT('',#4575);
#1555=VERTEX_POINT('',#4577);
#1556=VERTEX_POINT('',#4580);
#1557=VERTEX_POINT('',#4582);
#1558=VERTEX_POINT('',#4584);
#1559=VERTEX_POINT('',#4586);
#1560=VERTEX_POINT('',#4589);
#1561=VERTEX_POINT('',#4590);
#1562=VERTEX_POINT('',#4592);
#1563=VERTEX_POINT('',#4594);
#1564=VERTEX_POINT('',#4596);
#1565=VERTEX_POINT('',#4598);
#1566=VERTEX_POINT('',#4600);
#1567=VERTEX_POINT('',#4603);
#1568=VERTEX_POINT('',#4605);
#1569=VERTEX_POINT('',#4607);
#1570=VERTEX_POINT('',#4609);
#1571=VERTEX_POINT('',#4612);
#1572=VERTEX_POINT('',#4614);
#1573=VERTEX_POINT('',#4616);
#1574=VERTEX_POINT('',#4618);
#1575=VERTEX_POINT('',#4620);
#1576=VERTEX_POINT('',#4622);
#1577=VERTEX_POINT('',#4624);
#1578=VERTEX_POINT('',#4626);
#1579=VERTEX_POINT('',#4628);
#1580=VERTEX_POINT('',#4630);
#1581=VERTEX_POINT('',#4631);
#1582=VERTEX_POINT('',#4633);
#1583=VERTEX_POINT('',#4635);
#1584=VERTEX_POINT('',#4637);
#1585=VERTEX_POINT('',#4639);
#1586=VERTEX_POINT('',#4641);
#1587=VERTEX_POINT('',#4643);
#1588=VERTEX_POINT('',#4645);
#1589=VERTEX_POINT('',#4647);
#1590=VERTEX_POINT('',#4649);
#1591=VERTEX_POINT('',#4651);
#1592=VERTEX_POINT('',#4653);
#1593=VERTEX_POINT('',#4655);
#1594=VERTEX_POINT('',#4657);
#1595=VERTEX_POINT('',#4659);
#1596=VERTEX_POINT('',#4661);
#1597=VERTEX_POINT('',#4663);
#1598=VERTEX_POINT('',#4665);
#1599=VERTEX_POINT('',#4667);
#1600=VERTEX_POINT('',#4669);
#1601=VERTEX_POINT('',#4671);
#1602=VERTEX_POINT('',#4673);
#1603=VERTEX_POINT('',#4675);
#1604=VERTEX_POINT('',#4680);
#1605=VERTEX_POINT('',#4681);
#1606=VERTEX_POINT('',#4683);
#1607=VERTEX_POINT('',#4685);
#1608=VERTEX_POINT('',#4687);
#1609=VERTEX_POINT('',#4689);
#1610=VERTEX_POINT('',#4692);
#1611=VERTEX_POINT('',#4694);
#1612=VERTEX_POINT('',#4696);
#1613=VERTEX_POINT('',#4698);
#1614=VERTEX_POINT('',#4700);
#1615=VERTEX_POINT('',#4703);
#1616=VERTEX_POINT('',#4704);
#1617=VERTEX_POINT('',#4706);
#1618=VERTEX_POINT('',#4708);
#1619=VERTEX_POINT('',#4711);
#1620=VERTEX_POINT('',#4713);
#1621=VERTEX_POINT('',#4715);
#1622=VERTEX_POINT('',#4717);
#1623=VERTEX_POINT('',#4719);
#1624=VERTEX_POINT('',#4721);
#1625=VERTEX_POINT('',#4723);
#1626=VERTEX_POINT('',#4725);
#1627=VERTEX_POINT('',#4727);
#1628=VERTEX_POINT('',#4729);
#1629=VERTEX_POINT('',#4731);
#1630=VERTEX_POINT('',#4733);
#1631=VERTEX_POINT('',#4735);
#1632=VERTEX_POINT('',#4737);
#1633=VERTEX_POINT('',#4739);
#1634=VERTEX_POINT('',#4741);
#1635=VERTEX_POINT('',#4743);
#1636=VERTEX_POINT('',#4745);
#1637=VERTEX_POINT('',#4747);
#1638=VERTEX_POINT('',#4749);
#1639=VERTEX_POINT('',#4752);
#1640=VERTEX_POINT('',#4754);
#1641=VERTEX_POINT('',#4756);
#1642=VERTEX_POINT('',#4758);
#1643=VERTEX_POINT('',#4760);
#1644=VERTEX_POINT('',#4762);
#1645=VERTEX_POINT('',#4764);
#1646=VERTEX_POINT('',#4766);
#1647=VERTEX_POINT('',#4768);
#1648=VERTEX_POINT('',#4770);
#1649=VERTEX_POINT('',#4771);
#1650=VERTEX_POINT('',#4773);
#1651=VERTEX_POINT('',#4775);
#1652=VERTEX_POINT('',#4777);
#1653=VERTEX_POINT('',#4779);
#1654=VERTEX_POINT('',#4782);
#1655=VERTEX_POINT('',#4784);
#1656=VERTEX_POINT('',#4786);
#1657=VERTEX_POINT('',#4788);
#1658=VERTEX_POINT('',#4790);
#1659=VERTEX_POINT('',#4891);
#1660=VERTEX_POINT('',#4892);
#1661=VERTEX_POINT('',#4894);
#1662=VERTEX_POINT('',#4896);
#1663=VERTEX_POINT('',#4900);
#1664=VERTEX_POINT('',#4901);
#1665=VERTEX_POINT('',#4903);
#1666=VERTEX_POINT('',#4905);
#1667=VERTEX_POINT('',#4909);
#1668=VERTEX_POINT('',#4910);
#1669=VERTEX_POINT('',#4912);
#1670=VERTEX_POINT('',#4914);
#1671=VERTEX_POINT('',#4918);
#1672=VERTEX_POINT('',#4920);
#1673=VERTEX_POINT('',#4924);
#1674=VERTEX_POINT('',#4925);
#1675=VERTEX_POINT('',#4927);
#1676=VERTEX_POINT('',#4929);
#1677=VERTEX_POINT('',#4933);
#1678=VERTEX_POINT('',#4934);
#1679=VERTEX_POINT('',#4936);
#1680=VERTEX_POINT('',#4938);
#1681=VERTEX_POINT('',#4942);
#1682=VERTEX_POINT('',#4944);
#1683=VERTEX_POINT('',#4948);
#1684=VERTEX_POINT('',#4949);
#1685=VERTEX_POINT('',#4951);
#1686=VERTEX_POINT('',#4953);
#1687=VERTEX_POINT('',#4957);
#1688=VERTEX_POINT('',#4959);
#1689=VERTEX_POINT('',#4963);
#1690=VERTEX_POINT('',#4965);
#1691=VERTEX_POINT('',#4969);
#1692=VERTEX_POINT('',#4970);
#1693=VERTEX_POINT('',#4975);
#1694=VERTEX_POINT('',#4977);
#1695=VERTEX_POINT('',#4981);
#1696=VERTEX_POINT('',#4983);
#1697=VERTEX_POINT('',#4986);
#1698=VERTEX_POINT('',#4988);
#1699=VERTEX_POINT('',#5020);
#1700=VERTEX_POINT('',#5021);
#1701=VERTEX_POINT('',#5023);
#1702=VERTEX_POINT('',#5025);
#1703=VERTEX_POINT('',#5029);
#1704=VERTEX_POINT('',#5031);
#1705=VERTEX_POINT('',#5033);
#1706=VERTEX_POINT('',#5035);
#1707=VERTEX_POINT('',#5037);
#1708=VERTEX_POINT('',#5039);
#1709=VERTEX_POINT('',#5041);
#1710=VERTEX_POINT('',#5043);
#1711=VERTEX_POINT('',#5045);
#1712=VERTEX_POINT('',#5047);
#1713=VERTEX_POINT('',#5049);
#1714=VERTEX_POINT('',#5052);
#1715=VERTEX_POINT('',#5054);
#1716=VERTEX_POINT('',#5056);
#1717=VERTEX_POINT('',#5059);
#1718=VERTEX_POINT('',#5061);
#1719=VERTEX_POINT('',#5063);
#1720=VERTEX_POINT('',#5065);
#1721=VERTEX_POINT('',#5067);
#1722=VERTEX_POINT('',#5069);
#1723=VERTEX_POINT('',#5071);
#1724=VERTEX_POINT('',#5073);
#1725=VERTEX_POINT('',#5075);
#1726=VERTEX_POINT('',#5077);
#1727=VERTEX_POINT('',#5079);
#1728=VERTEX_POINT('',#5082);
#1729=VERTEX_POINT('',#5084);
#1730=VERTEX_POINT('',#5086);
#1731=VERTEX_POINT('',#5112);
#1732=VERTEX_POINT('',#5113);
#1733=VERTEX_POINT('',#5115);
#1734=VERTEX_POINT('',#5117);
#1735=VERTEX_POINT('',#5121);
#1736=VERTEX_POINT('',#5123);
#1737=VERTEX_POINT('',#5127);
#1738=VERTEX_POINT('',#5129);
#1739=VERTEX_POINT('',#5132);
#1740=VERTEX_POINT('',#5134);
#1741=VERTEX_POINT('',#5222);
#1742=VERTEX_POINT('',#5223);
#1743=VERTEX_POINT('',#5225);
#1744=VERTEX_POINT('',#5227);
#1745=VERTEX_POINT('',#5231);
#1746=VERTEX_POINT('',#5233);
#1747=VERTEX_POINT('',#5237);
#1748=VERTEX_POINT('',#5239);
#1749=VERTEX_POINT('',#5242);
#1750=VERTEX_POINT('',#5244);
#1751=VERTEX_POINT('',#5268);
#1752=VERTEX_POINT('',#5269);
#1753=VERTEX_POINT('',#5271);
#1754=VERTEX_POINT('',#5273);
#1755=VERTEX_POINT('',#5277);
#1756=VERTEX_POINT('',#5279);
#1757=VERTEX_POINT('',#5281);
#1758=VERTEX_POINT('',#5283);
#1759=VERTEX_POINT('',#5285);
#1760=VERTEX_POINT('',#5287);
#1761=VERTEX_POINT('',#5289);
#1762=VERTEX_POINT('',#5291);
#1763=VERTEX_POINT('',#5293);
#1764=VERTEX_POINT('',#5295);
#1765=VERTEX_POINT('',#5297);
#1766=VERTEX_POINT('',#5300);
#1767=VERTEX_POINT('',#5302);
#1768=VERTEX_POINT('',#5304);
#1769=VERTEX_POINT('',#5307);
#1770=VERTEX_POINT('',#5309);
#1771=VERTEX_POINT('',#5311);
#1772=VERTEX_POINT('',#5313);
#1773=VERTEX_POINT('',#5315);
#1774=VERTEX_POINT('',#5317);
#1775=VERTEX_POINT('',#5319);
#1776=VERTEX_POINT('',#5321);
#1777=VERTEX_POINT('',#5323);
#1778=VERTEX_POINT('',#5325);
#1779=VERTEX_POINT('',#5327);
#1780=VERTEX_POINT('',#5330);
#1781=VERTEX_POINT('',#5332);
#1782=VERTEX_POINT('',#5334);
#1783=VERTEX_POINT('',#5360);
#1784=VERTEX_POINT('',#5361);
#1785=VERTEX_POINT('',#5363);
#1786=VERTEX_POINT('',#5365);
#1787=VERTEX_POINT('',#5369);
#1788=VERTEX_POINT('',#5371);
#1789=VERTEX_POINT('',#5375);
#1790=VERTEX_POINT('',#5377);
#1791=VERTEX_POINT('',#5380);
#1792=VERTEX_POINT('',#5382);
#1793=VERTEX_POINT('',#5486);
#1794=VERTEX_POINT('',#5487);
#1795=VERTEX_POINT('',#5489);
#1796=VERTEX_POINT('',#5491);
#1797=VERTEX_POINT('',#5495);
#1798=VERTEX_POINT('',#5497);
#1799=VERTEX_POINT('',#5501);
#1800=VERTEX_POINT('',#5503);
#1801=VERTEX_POINT('',#5506);
#1802=VERTEX_POINT('',#5508);
#1803=VERTEX_POINT('',#5532);
#1804=VERTEX_POINT('',#5533);
#1805=VERTEX_POINT('',#5535);
#1806=VERTEX_POINT('',#5537);
#1807=VERTEX_POINT('',#5541);
#1808=VERTEX_POINT('',#5542);
#1809=VERTEX_POINT('',#5544);
#1810=VERTEX_POINT('',#5546);
#1811=VERTEX_POINT('',#5550);
#1812=VERTEX_POINT('',#5552);
#1813=VERTEX_POINT('',#5555);
#1814=VERTEX_POINT('',#5557);
#1815=VERTEX_POINT('',#5576);
#1816=VERTEX_POINT('',#5577);
#1817=VERTEX_POINT('',#5579);
#1818=VERTEX_POINT('',#5581);
#1819=VERTEX_POINT('',#5585);
#1820=VERTEX_POINT('',#5587);
#1821=VERTEX_POINT('',#5591);
#1822=VERTEX_POINT('',#5593);
#1823=VERTEX_POINT('',#5596);
#1824=VERTEX_POINT('',#5597);
#1825=VERTEX_POINT('',#5599);
#1826=VERTEX_POINT('',#5601);
#1827=LINE('',#4538,#2161);
#1828=LINE('',#4541,#2162);
#1829=LINE('',#4543,#2163);
#1830=LINE('',#4545,#2164);
#1831=LINE('',#4547,#2165);
#1832=LINE('',#4550,#2166);
#1833=LINE('',#4552,#2167);
#1834=LINE('',#4554,#2168);
#1835=LINE('',#4556,#2169);
#1836=LINE('',#4559,#2170);
#1837=LINE('',#4561,#2171);
#1838=LINE('',#4563,#2172);
#1839=LINE('',#4565,#2173);
#1840=LINE('',#4570,#2174);
#1841=LINE('',#4572,#2175);
#1842=LINE('',#4574,#2176);
#1843=LINE('',#4576,#2177);
#1844=LINE('',#4578,#2178);
#1845=LINE('',#4579,#2179);
#1846=LINE('',#4581,#2180);
#1847=LINE('',#4585,#2181);
#1848=LINE('',#4587,#2182);
#1849=LINE('',#4588,#2183);
#1850=LINE('',#4593,#2184);
#1851=LINE('',#4595,#2185);
#1852=LINE('',#4597,#2186);
#1853=LINE('',#4599,#2187);
#1854=LINE('',#4601,#2188);
#1855=LINE('',#4602,#2189);
#1856=LINE('',#4604,#2190);
#1857=LINE('',#4608,#2191);
#1858=LINE('',#4610,#2192);
#1859=LINE('',#4632,#2193);
#1860=LINE('',#4634,#2194);
#1861=LINE('',#4636,#2195);
#1862=LINE('',#4638,#2196);
#1863=LINE('',#4640,#2197);
#1864=LINE('',#4644,#2198);
#1865=LINE('',#4646,#2199);
#1866=LINE('',#4648,#2200);
#1867=LINE('',#4650,#2201);
#1868=LINE('',#4652,#2202);
#1869=LINE('',#4654,#2203);
#1870=LINE('',#4656,#2204);
#1871=LINE('',#4658,#2205);
#1872=LINE('',#4662,#2206);
#1873=LINE('',#4666,#2207);
#1874=LINE('',#4668,#2208);
#1875=LINE('',#4670,#2209);
#1876=LINE('',#4672,#2210);
#1877=LINE('',#4674,#2211);
#1878=LINE('',#4676,#2212);
#1879=LINE('',#4677,#2213);
#1880=LINE('',#4679,#2214);
#1881=LINE('',#4682,#2215);
#1882=LINE('',#4684,#2216);
#1883=LINE('',#4688,#2217);
#1884=LINE('',#4690,#2218);
#1885=LINE('',#4691,#2219);
#1886=LINE('',#4693,#2220);
#1887=LINE('',#4695,#2221);
#1888=LINE('',#4697,#2222);
#1889=LINE('',#4699,#2223);
#1890=LINE('',#4702,#2224);
#1891=LINE('',#4705,#2225);
#1892=LINE('',#4709,#2226);
#1893=LINE('',#4710,#2227);
#1894=LINE('',#4712,#2228);
#1895=LINE('',#4714,#2229);
#1896=LINE('',#4716,#2230);
#1897=LINE('',#4718,#2231);
#1898=LINE('',#4720,#2232);
#1899=LINE('',#4724,#2233);
#1900=LINE('',#4728,#2234);
#1901=LINE('',#4730,#2235);
#1902=LINE('',#4732,#2236);
#1903=LINE('',#4734,#2237);
#1904=LINE('',#4736,#2238);
#1905=LINE('',#4738,#2239);
#1906=LINE('',#4740,#2240);
#1907=LINE('',#4742,#2241);
#1908=LINE('',#4746,#2242);
#1909=LINE('',#4748,#2243);
#1910=LINE('',#4750,#2244);
#1911=LINE('',#4769,#2245);
#1912=LINE('',#4772,#2246);
#1913=LINE('',#4774,#2247);
#1914=LINE('',#4778,#2248);
#1915=LINE('',#4780,#2249);
#1916=LINE('',#4781,#2250);
#1917=LINE('',#4783,#2251);
#1918=LINE('',#4785,#2252);
#1919=LINE('',#4787,#2253);
#1920=LINE('',#4789,#2254);
#1921=LINE('',#4793,#2255);
#1922=LINE('',#4794,#2256);
#1923=LINE('',#4796,#2257);
#1924=LINE('',#4797,#2258);
#1925=LINE('',#4799,#2259);
#1926=LINE('',#4801,#2260);
#1927=LINE('',#4802,#2261);
#1928=LINE('',#4804,#2262);
#1929=LINE('',#4806,#2263);
#1930=LINE('',#4808,#2264);
#1931=LINE('',#4810,#2265);
#1932=LINE('',#4812,#2266);
#1933=LINE('',#4814,#2267);
#1934=LINE('',#4816,#2268);
#1935=LINE('',#4818,#2269);
#1936=LINE('',#4820,#2270);
#1937=LINE('',#4822,#2271);
#1938=LINE('',#4824,#2272);
#1939=LINE('',#4826,#2273);
#1940=LINE('',#4828,#2274);
#1941=LINE('',#4830,#2275);
#1942=LINE('',#4842,#2276);
#1943=LINE('',#4846,#2277);
#1944=LINE('',#4847,#2278);
#1945=LINE('',#4849,#2279);
#1946=LINE('',#4851,#2280);
#1947=LINE('',#4854,#2281);
#1948=LINE('',#4856,#2282);
#1949=LINE('',#4858,#2283);
#1950=LINE('',#4860,#2284);
#1951=LINE('',#4861,#2285);
#1952=LINE('',#4863,#2286);
#1953=LINE('',#4865,#2287);
#1954=LINE('',#4868,#2288);
#1955=LINE('',#4869,#2289);
#1956=LINE('',#4871,#2290);
#1957=LINE('',#4872,#2291);
#1958=LINE('',#4876,#2292);
#1959=LINE('',#4877,#2293);
#1960=LINE('',#4879,#2294);
#1961=LINE('',#4880,#2295);
#1962=LINE('',#4884,#2296);
#1963=LINE('',#4885,#2297);
#1964=LINE('',#4887,#2298);
#1965=LINE('',#4890,#2299);
#1966=LINE('',#4893,#2300);
#1967=LINE('',#4895,#2301);
#1968=LINE('',#4897,#2302);
#1969=LINE('',#4899,#2303);
#1970=LINE('',#4902,#2304);
#1971=LINE('',#4904,#2305);
#1972=LINE('',#4906,#2306);
#1973=LINE('',#4908,#2307);
#1974=LINE('',#4911,#2308);
#1975=LINE('',#4913,#2309);
#1976=LINE('',#4915,#2310);
#1977=LINE('',#4917,#2311);
#1978=LINE('',#4919,#2312);
#1979=LINE('',#4921,#2313);
#1980=LINE('',#4923,#2314);
#1981=LINE('',#4926,#2315);
#1982=LINE('',#4928,#2316);
#1983=LINE('',#4930,#2317);
#1984=LINE('',#4932,#2318);
#1985=LINE('',#4935,#2319);
#1986=LINE('',#4937,#2320);
#1987=LINE('',#4939,#2321);
#1988=LINE('',#4941,#2322);
#1989=LINE('',#4943,#2323);
#1990=LINE('',#4945,#2324);
#1991=LINE('',#4947,#2325);
#1992=LINE('',#4950,#2326);
#1993=LINE('',#4952,#2327);
#1994=LINE('',#4954,#2328);
#1995=LINE('',#4956,#2329);
#1996=LINE('',#4958,#2330);
#1997=LINE('',#4960,#2331);
#1998=LINE('',#4962,#2332);
#1999=LINE('',#4964,#2333);
#2000=LINE('',#4966,#2334);
#2001=LINE('',#4968,#2335);
#2002=LINE('',#4971,#2336);
#2003=LINE('',#4972,#2337);
#2004=LINE('',#4974,#2338);
#2005=LINE('',#4976,#2339);
#2006=LINE('',#4978,#2340);
#2007=LINE('',#4990,#2341);
#2008=LINE('',#4991,#2342);
#2009=LINE('',#4995,#2343);
#2010=LINE('',#5002,#2344);
#2011=LINE('',#5009,#2345);
#2012=LINE('',#5014,#2346);
#2013=LINE('',#5019,#2347);
#2014=LINE('',#5022,#2348);
#2015=LINE('',#5024,#2349);
#2016=LINE('',#5026,#2350);
#2017=LINE('',#5028,#2351);
#2018=LINE('',#5030,#2352);
#2019=LINE('',#5034,#2353);
#2020=LINE('',#5036,#2354);
#2021=LINE('',#5038,#2355);
#2022=LINE('',#5040,#2356);
#2023=LINE('',#5042,#2357);
#2024=LINE('',#5044,#2358);
#2025=LINE('',#5046,#2359);
#2026=LINE('',#5048,#2360);
#2027=LINE('',#5058,#2361);
#2028=LINE('',#5062,#2362);
#2029=LINE('',#5064,#2363);
#2030=LINE('',#5066,#2364);
#2031=LINE('',#5068,#2365);
#2032=LINE('',#5070,#2366);
#2033=LINE('',#5072,#2367);
#2034=LINE('',#5074,#2368);
#2035=LINE('',#5076,#2369);
#2036=LINE('',#5080,#2370);
#2037=LINE('',#5088,#2371);
#2038=LINE('',#5089,#2372);
#2039=LINE('',#5091,#2373);
#2040=LINE('',#5093,#2374);
#2041=LINE('',#5094,#2375);
#2042=LINE('',#5099,#2376);
#2043=LINE('',#5100,#2377);
#2044=LINE('',#5102,#2378);
#2045=LINE('',#5105,#2379);
#2046=LINE('',#5107,#2380);
#2047=LINE('',#5109,#2381);
#2048=LINE('',#5111,#2382);
#2049=LINE('',#5114,#2383);
#2050=LINE('',#5116,#2384);
#2051=LINE('',#5118,#2385);
#2052=LINE('',#5120,#2386);
#2053=LINE('',#5122,#2387);
#2054=LINE('',#5124,#2388);
#2055=LINE('',#5131,#2389);
#2056=LINE('',#5133,#2390);
#2057=LINE('',#5135,#2391);
#2058=LINE('',#5137,#2392);
#2059=LINE('',#5139,#2393);
#2060=LINE('',#5221,#2394);
#2061=LINE('',#5224,#2395);
#2062=LINE('',#5226,#2396);
#2063=LINE('',#5228,#2397);
#2064=LINE('',#5230,#2398);
#2065=LINE('',#5232,#2399);
#2066=LINE('',#5234,#2400);
#2067=LINE('',#5241,#2401);
#2068=LINE('',#5243,#2402);
#2069=LINE('',#5245,#2403);
#2070=LINE('',#5247,#2404);
#2071=LINE('',#5249,#2405);
#2072=LINE('',#5267,#2406);
#2073=LINE('',#5270,#2407);
#2074=LINE('',#5272,#2408);
#2075=LINE('',#5274,#2409);
#2076=LINE('',#5276,#2410);
#2077=LINE('',#5278,#2411);
#2078=LINE('',#5282,#2412);
#2079=LINE('',#5284,#2413);
#2080=LINE('',#5286,#2414);
#2081=LINE('',#5288,#2415);
#2082=LINE('',#5290,#2416);
#2083=LINE('',#5292,#2417);
#2084=LINE('',#5294,#2418);
#2085=LINE('',#5296,#2419);
#2086=LINE('',#5306,#2420);
#2087=LINE('',#5310,#2421);
#2088=LINE('',#5312,#2422);
#2089=LINE('',#5314,#2423);
#2090=LINE('',#5316,#2424);
#2091=LINE('',#5318,#2425);
#2092=LINE('',#5320,#2426);
#2093=LINE('',#5322,#2427);
#2094=LINE('',#5324,#2428);
#2095=LINE('',#5328,#2429);
#2096=LINE('',#5336,#2430);
#2097=LINE('',#5337,#2431);
#2098=LINE('',#5339,#2432);
#2099=LINE('',#5341,#2433);
#2100=LINE('',#5342,#2434);
#2101=LINE('',#5347,#2435);
#2102=LINE('',#5348,#2436);
#2103=LINE('',#5350,#2437);
#2104=LINE('',#5353,#2438);
#2105=LINE('',#5355,#2439);
#2106=LINE('',#5357,#2440);
#2107=LINE('',#5359,#2441);
#2108=LINE('',#5362,#2442);
#2109=LINE('',#5364,#2443);
#2110=LINE('',#5366,#2444);
#2111=LINE('',#5368,#2445);
#2112=LINE('',#5370,#2446);
#2113=LINE('',#5372,#2447);
#2114=LINE('',#5379,#2448);
#2115=LINE('',#5381,#2449);
#2116=LINE('',#5383,#2450);
#2117=LINE('',#5385,#2451);
#2118=LINE('',#5387,#2452);
#2119=LINE('',#5485,#2453);
#2120=LINE('',#5488,#2454);
#2121=LINE('',#5490,#2455);
#2122=LINE('',#5492,#2456);
#2123=LINE('',#5494,#2457);
#2124=LINE('',#5496,#2458);
#2125=LINE('',#5498,#2459);
#2126=LINE('',#5505,#2460);
#2127=LINE('',#5507,#2461);
#2128=LINE('',#5509,#2462);
#2129=LINE('',#5511,#2463);
#2130=LINE('',#5513,#2464);
#2131=LINE('',#5531,#2465);
#2132=LINE('',#5534,#2466);
#2133=LINE('',#5536,#2467);
#2134=LINE('',#5538,#2468);
#2135=LINE('',#5540,#2469);
#2136=LINE('',#5543,#2470);
#2137=LINE('',#5545,#2471);
#2138=LINE('',#5547,#2472);
#2139=LINE('',#5554,#2473);
#2140=LINE('',#5556,#2474);
#2141=LINE('',#5558,#2475);
#2142=LINE('',#5560,#2476);
#2143=LINE('',#5561,#2477);
#2144=LINE('',#5563,#2478);
#2145=LINE('',#5564,#2479);
#2146=LINE('',#5575,#2480);
#2147=LINE('',#5578,#2481);
#2148=LINE('',#5580,#2482);
#2149=LINE('',#5582,#2483);
#2150=LINE('',#5584,#2484);
#2151=LINE('',#5586,#2485);
#2152=LINE('',#5588,#2486);
#2153=LINE('',#5595,#2487);
#2154=LINE('',#5598,#2488);
#2155=LINE('',#5600,#2489);
#2156=LINE('',#5602,#2490);
#2157=LINE('',#5604,#2491);
#2158=LINE('',#5605,#2492);
#2159=LINE('',#5607,#2493);
#2160=LINE('',#5608,#2494);
#2161=VECTOR('',#3622,1.);
#2162=VECTOR('',#3623,1.);
#2163=VECTOR('',#3624,1.);
#2164=VECTOR('',#3625,1.);
#2165=VECTOR('',#3628,1.);
#2166=VECTOR('',#3629,1.);
#2167=VECTOR('',#3630,1.);
#2168=VECTOR('',#3631,1.);
#2169=VECTOR('',#3634,1.);
#2170=VECTOR('',#3635,1.);
#2171=VECTOR('',#3636,1.);
#2172=VECTOR('',#3637,1.);
#2173=VECTOR('',#3640,1.);
#2174=VECTOR('',#3643,1.);
#2175=VECTOR('',#3644,1.);
#2176=VECTOR('',#3645,1.);
#2177=VECTOR('',#3646,1.);
#2178=VECTOR('',#3647,1.);
#2179=VECTOR('',#3648,1.);
#2180=VECTOR('',#3649,1.);
#2181=VECTOR('',#3652,1.);
#2182=VECTOR('',#3653,1.);
#2183=VECTOR('',#3654,1.);
#2184=VECTOR('',#3657,1.);
#2185=VECTOR('',#3658,1.);
#2186=VECTOR('',#3659,1.);
#2187=VECTOR('',#3660,1.);
#2188=VECTOR('',#3661,1.);
#2189=VECTOR('',#3662,1.);
#2190=VECTOR('',#3663,1.);
#2191=VECTOR('',#3666,1.);
#2192=VECTOR('',#3667,1.);
#2193=VECTOR('',#3688,1.);
#2194=VECTOR('',#3689,1.);
#2195=VECTOR('',#3690,1.);
#2196=VECTOR('',#3691,1.);
#2197=VECTOR('',#3692,1.);
#2198=VECTOR('',#3695,1.);
#2199=VECTOR('',#3696,1.);
#2200=VECTOR('',#3697,1.);
#2201=VECTOR('',#3698,1.);
#2202=VECTOR('',#3699,1.);
#2203=VECTOR('',#3700,1.);
#2204=VECTOR('',#3701,1.);
#2205=VECTOR('',#3702,1.);
#2206=VECTOR('',#3705,1.);
#2207=VECTOR('',#3708,1.);
#2208=VECTOR('',#3709,1.);
#2209=VECTOR('',#3710,1.);
#2210=VECTOR('',#3711,1.);
#2211=VECTOR('',#3712,1.);
#2212=VECTOR('',#3713,1.);
#2213=VECTOR('',#3714,1.);
#2214=VECTOR('',#3717,1.);
#2215=VECTOR('',#3718,1.);
#2216=VECTOR('',#3719,1.);
#2217=VECTOR('',#3722,1.);
#2218=VECTOR('',#3723,1.);
#2219=VECTOR('',#3724,1.);
#2220=VECTOR('',#3725,1.);
#2221=VECTOR('',#3726,1.);
#2222=VECTOR('',#3727,1.);
#2223=VECTOR('',#3728,1.);
#2224=VECTOR('',#3731,1.);
#2225=VECTOR('',#3732,1.);
#2226=VECTOR('',#3735,1.);
#2227=VECTOR('',#3736,1.);
#2228=VECTOR('',#3737,1.);
#2229=VECTOR('',#3738,1.);
#2230=VECTOR('',#3739,1.);
#2231=VECTOR('',#3740,1.);
#2232=VECTOR('',#3741,1.);
#2233=VECTOR('',#3744,1.);
#2234=VECTOR('',#3747,1.);
#2235=VECTOR('',#3748,1.);
#2236=VECTOR('',#3749,1.);
#2237=VECTOR('',#3750,1.);
#2238=VECTOR('',#3751,1.);
#2239=VECTOR('',#3752,1.);
#2240=VECTOR('',#3753,1.);
#2241=VECTOR('',#3754,1.);
#2242=VECTOR('',#3757,1.);
#2243=VECTOR('',#3758,1.);
#2244=VECTOR('',#3759,1.);
#2245=VECTOR('',#3778,1.);
#2246=VECTOR('',#3779,1.);
#2247=VECTOR('',#3780,1.);
#2248=VECTOR('',#3783,1.);
#2249=VECTOR('',#3784,1.);
#2250=VECTOR('',#3785,1.);
#2251=VECTOR('',#3786,1.);
#2252=VECTOR('',#3787,1.);
#2253=VECTOR('',#3788,1.);
#2254=VECTOR('',#3789,1.);
#2255=VECTOR('',#3794,1.);
#2256=VECTOR('',#3795,1.);
#2257=VECTOR('',#3798,1.);
#2258=VECTOR('',#3799,1.);
#2259=VECTOR('',#3802,1.);
#2260=VECTOR('',#3805,1.);
#2261=VECTOR('',#3806,1.);
#2262=VECTOR('',#3809,1.);
#2263=VECTOR('',#3812,1.);
#2264=VECTOR('',#3815,1.);
#2265=VECTOR('',#3818,1.);
#2266=VECTOR('',#3821,1.);
#2267=VECTOR('',#3824,1.);
#2268=VECTOR('',#3827,1.);
#2269=VECTOR('',#3830,1.);
#2270=VECTOR('',#3833,1.);
#2271=VECTOR('',#3836,1.);
#2272=VECTOR('',#3839,1.);
#2273=VECTOR('',#3842,1.);
#2274=VECTOR('',#3845,1.);
#2275=VECTOR('',#3848,1.);
#2276=VECTOR('',#3871,1.);
#2277=VECTOR('',#3878,1.);
#2278=VECTOR('',#3879,1.);
#2279=VECTOR('',#3882,1.);
#2280=VECTOR('',#3885,1.);
#2281=VECTOR('',#3890,1.);
#2282=VECTOR('',#3893,1.);
#2283=VECTOR('',#3896,1.);
#2284=VECTOR('',#3899,1.);
#2285=VECTOR('',#3900,1.);
#2286=VECTOR('',#3903,1.);
#2287=VECTOR('',#3906,1.);
#2288=VECTOR('',#3911,1.);
#2289=VECTOR('',#3912,1.);
#2290=VECTOR('',#3915,1.);
#2291=VECTOR('',#3916,1.);
#2292=VECTOR('',#3923,1.);
#2293=VECTOR('',#3924,1.);
#2294=VECTOR('',#3927,1.);
#2295=VECTOR('',#3928,1.);
#2296=VECTOR('',#3935,1.);
#2297=VECTOR('',#3936,1.);
#2298=VECTOR('',#3939,1.);
#2299=VECTOR('',#3944,1.);
#2300=VECTOR('',#3945,1.);
#2301=VECTOR('',#3946,1.);
#2302=VECTOR('',#3947,1.);
#2303=VECTOR('',#3950,1.);
#2304=VECTOR('',#3951,1.);
#2305=VECTOR('',#3952,1.);
#2306=VECTOR('',#3953,1.);
#2307=VECTOR('',#3956,1.);
#2308=VECTOR('',#3957,1.);
#2309=VECTOR('',#3958,1.);
#2310=VECTOR('',#3959,1.);
#2311=VECTOR('',#3962,1.);
#2312=VECTOR('',#3963,1.);
#2313=VECTOR('',#3964,1.);
#2314=VECTOR('',#3967,1.);
#2315=VECTOR('',#3968,1.);
#2316=VECTOR('',#3969,1.);
#2317=VECTOR('',#3970,1.);
#2318=VECTOR('',#3973,1.);
#2319=VECTOR('',#3974,1.);
#2320=VECTOR('',#3975,1.);
#2321=VECTOR('',#3976,1.);
#2322=VECTOR('',#3979,1.);
#2323=VECTOR('',#3980,1.);
#2324=VECTOR('',#3981,1.);
#2325=VECTOR('',#3984,1.);
#2326=VECTOR('',#3985,1.);
#2327=VECTOR('',#3986,1.);
#2328=VECTOR('',#3987,1.);
#2329=VECTOR('',#3990,1.);
#2330=VECTOR('',#3991,1.);
#2331=VECTOR('',#3992,1.);
#2332=VECTOR('',#3995,1.);
#2333=VECTOR('',#3996,1.);
#2334=VECTOR('',#3997,1.);
#2335=VECTOR('',#4000,1.);
#2336=VECTOR('',#4001,1.);
#2337=VECTOR('',#4002,1.);
#2338=VECTOR('',#4005,1.);
#2339=VECTOR('',#4006,1.);
#2340=VECTOR('',#4007,1.);
#2341=VECTOR('',#4022,1.);
#2342=VECTOR('',#4023,1.);
#2343=VECTOR('',#4030,1.);
#2344=VECTOR('',#4043,1.);
#2345=VECTOR('',#4056,1.);
#2346=VECTOR('',#4065,1.);
#2347=VECTOR('',#4074,1.);
#2348=VECTOR('',#4075,1.);
#2349=VECTOR('',#4076,1.);
#2350=VECTOR('',#4077,1.);
#2351=VECTOR('',#4080,1.);
#2352=VECTOR('',#4081,1.);
#2353=VECTOR('',#4084,1.);
#2354=VECTOR('',#4085,1.);
#2355=VECTOR('',#4086,1.);
#2356=VECTOR('',#4087,1.);
#2357=VECTOR('',#4088,1.);
#2358=VECTOR('',#4089,1.);
#2359=VECTOR('',#4090,1.);
#2360=VECTOR('',#4091,1.);
#2361=VECTOR('',#4102,1.);
#2362=VECTOR('',#4105,1.);
#2363=VECTOR('',#4106,1.);
#2364=VECTOR('',#4107,1.);
#2365=VECTOR('',#4108,1.);
#2366=VECTOR('',#4109,1.);
#2367=VECTOR('',#4110,1.);
#2368=VECTOR('',#4111,1.);
#2369=VECTOR('',#4112,1.);
#2370=VECTOR('',#4115,1.);
#2371=VECTOR('',#4124,1.);
#2372=VECTOR('',#4125,1.);
#2373=VECTOR('',#4128,1.);
#2374=VECTOR('',#4131,1.);
#2375=VECTOR('',#4132,1.);
#2376=VECTOR('',#4141,1.);
#2377=VECTOR('',#4142,1.);
#2378=VECTOR('',#4145,1.);
#2379=VECTOR('',#4150,1.);
#2380=VECTOR('',#4153,1.);
#2381=VECTOR('',#4156,1.);
#2382=VECTOR('',#4159,1.);
#2383=VECTOR('',#4160,1.);
#2384=VECTOR('',#4161,1.);
#2385=VECTOR('',#4162,1.);
#2386=VECTOR('',#4165,1.);
#2387=VECTOR('',#4166,1.);
#2388=VECTOR('',#4167,1.);
#2389=VECTOR('',#4176,1.);
#2390=VECTOR('',#4177,1.);
#2391=VECTOR('',#4178,1.);
#2392=VECTOR('',#4181,1.);
#2393=VECTOR('',#4184,1.);
#2394=VECTOR('',#4197,1.);
#2395=VECTOR('',#4198,1.);
#2396=VECTOR('',#4199,1.);
#2397=VECTOR('',#4200,1.);
#2398=VECTOR('',#4203,1.);
#2399=VECTOR('',#4204,1.);
#2400=VECTOR('',#4205,1.);
#2401=VECTOR('',#4214,1.);
#2402=VECTOR('',#4215,1.);
#2403=VECTOR('',#4216,1.);
#2404=VECTOR('',#4219,1.);
#2405=VECTOR('',#4222,1.);
#2406=VECTOR('',#4257,1.);
#2407=VECTOR('',#4258,1.);
#2408=VECTOR('',#4259,1.);
#2409=VECTOR('',#4260,1.);
#2410=VECTOR('',#4263,1.);
#2411=VECTOR('',#4264,1.);
#2412=VECTOR('',#4267,1.);
#2413=VECTOR('',#4268,1.);
#2414=VECTOR('',#4269,1.);
#2415=VECTOR('',#4270,1.);
#2416=VECTOR('',#4271,1.);
#2417=VECTOR('',#4272,1.);
#2418=VECTOR('',#4273,1.);
#2419=VECTOR('',#4274,1.);
#2420=VECTOR('',#4285,1.);
#2421=VECTOR('',#4288,1.);
#2422=VECTOR('',#4289,1.);
#2423=VECTOR('',#4290,1.);
#2424=VECTOR('',#4291,1.);
#2425=VECTOR('',#4292,1.);
#2426=VECTOR('',#4293,1.);
#2427=VECTOR('',#4294,1.);
#2428=VECTOR('',#4295,1.);
#2429=VECTOR('',#4298,1.);
#2430=VECTOR('',#4307,1.);
#2431=VECTOR('',#4308,1.);
#2432=VECTOR('',#4311,1.);
#2433=VECTOR('',#4314,1.);
#2434=VECTOR('',#4315,1.);
#2435=VECTOR('',#4324,1.);
#2436=VECTOR('',#4325,1.);
#2437=VECTOR('',#4328,1.);
#2438=VECTOR('',#4333,1.);
#2439=VECTOR('',#4336,1.);
#2440=VECTOR('',#4339,1.);
#2441=VECTOR('',#4342,1.);
#2442=VECTOR('',#4343,1.);
#2443=VECTOR('',#4344,1.);
#2444=VECTOR('',#4345,1.);
#2445=VECTOR('',#4348,1.);
#2446=VECTOR('',#4349,1.);
#2447=VECTOR('',#4350,1.);
#2448=VECTOR('',#4359,1.);
#2449=VECTOR('',#4360,1.);
#2450=VECTOR('',#4361,1.);
#2451=VECTOR('',#4364,1.);
#2452=VECTOR('',#4367,1.);
#2453=VECTOR('',#4380,1.);
#2454=VECTOR('',#4381,1.);
#2455=VECTOR('',#4382,1.);
#2456=VECTOR('',#4383,1.);
#2457=VECTOR('',#4386,1.);
#2458=VECTOR('',#4387,1.);
#2459=VECTOR('',#4388,1.);
#2460=VECTOR('',#4397,1.);
#2461=VECTOR('',#4398,1.);
#2462=VECTOR('',#4399,1.);
#2463=VECTOR('',#4402,1.);
#2464=VECTOR('',#4405,1.);
#2465=VECTOR('',#4440,1.);
#2466=VECTOR('',#4441,1.);
#2467=VECTOR('',#4442,1.);
#2468=VECTOR('',#4443,1.);
#2469=VECTOR('',#4446,1.);
#2470=VECTOR('',#4447,1.);
#2471=VECTOR('',#4448,1.);
#2472=VECTOR('',#4449,1.);
#2473=VECTOR('',#4458,1.);
#2474=VECTOR('',#4459,1.);
#2475=VECTOR('',#4460,1.);
#2476=VECTOR('',#4463,1.);
#2477=VECTOR('',#4464,1.);
#2478=VECTOR('',#4467,1.);
#2479=VECTOR('',#4468,1.);
#2480=VECTOR('',#4489,1.);
#2481=VECTOR('',#4490,1.);
#2482=VECTOR('',#4491,1.);
#2483=VECTOR('',#4492,1.);
#2484=VECTOR('',#4495,1.);
#2485=VECTOR('',#4496,1.);
#2486=VECTOR('',#4497,1.);
#2487=VECTOR('',#4506,1.);
#2488=VECTOR('',#4507,1.);
#2489=VECTOR('',#4508,1.);
#2490=VECTOR('',#4509,1.);
#2491=VECTOR('',#4512,1.);
#2492=VECTOR('',#4513,1.);
#2493=VECTOR('',#4516,1.);
#2494=VECTOR('',#4517,1.);
#2495=EDGE_LOOP('',(#193,#194,#195,#196));
#2496=EDGE_LOOP('',(#197,#198,#199,#200));
#2497=EDGE_LOOP('',(#201,#202,#203,#204));
#2498=EDGE_LOOP('',(#205,#206,#207,#208,#209,#210,#211,#212,#213,#214,#215,
#216,#217));
#2499=EDGE_LOOP('',(#218,#219,#220,#221,#222,#223,#224,#225,#226,#227,#228,
#229,#230));
#2500=EDGE_LOOP('',(#231));
#2501=EDGE_LOOP('',(#232));
#2502=EDGE_LOOP('',(#233));
#2503=EDGE_LOOP('',(#234));
#2504=EDGE_LOOP('',(#235));
#2505=EDGE_LOOP('',(#236));
#2506=EDGE_LOOP('',(#237));
#2507=EDGE_LOOP('',(#238));
#2508=EDGE_LOOP('',(#239));
#2509=EDGE_LOOP('',(#240,#241,#242,#243,#244,#245,#246,#247,#248,#249,#250,
#251,#252,#253,#254,#255,#256,#257,#258,#259,#260,#261,#262,#263,#264,#265));
#2510=EDGE_LOOP('',(#266,#267,#268,#269,#270,#271,#272,#273,#274,#275,#276,
#277,#278));
#2511=EDGE_LOOP('',(#279,#280,#281,#282,#283,#284,#285,#286,#287,#288,#289,
#290,#291,#292,#293,#294,#295,#296,#297,#298,#299,#300,#301,#302,#303,#304));
#2512=EDGE_LOOP('',(#305));
#2513=EDGE_LOOP('',(#306));
#2514=EDGE_LOOP('',(#307));
#2515=EDGE_LOOP('',(#308));
#2516=EDGE_LOOP('',(#309));
#2517=EDGE_LOOP('',(#310));
#2518=EDGE_LOOP('',(#311));
#2519=EDGE_LOOP('',(#312));
#2520=EDGE_LOOP('',(#313));
#2521=EDGE_LOOP('',(#314,#315,#316,#317,#318,#319,#320,#321,#322,#323,#324,
#325,#326));
#2522=EDGE_LOOP('',(#327,#328,#329,#330));
#2523=EDGE_LOOP('',(#331,#332,#333,#334));
#2524=EDGE_LOOP('',(#335,#336,#337,#338));
#2525=EDGE_LOOP('',(#339,#340,#341,#342));
#2526=EDGE_LOOP('',(#343,#344,#345,#346));
#2527=EDGE_LOOP('',(#347,#348,#349,#350));
#2528=EDGE_LOOP('',(#351,#352,#353,#354));
#2529=EDGE_LOOP('',(#355,#356,#357,#358));
#2530=EDGE_LOOP('',(#359,#360,#361,#362));
#2531=EDGE_LOOP('',(#363,#364,#365,#366));
#2532=EDGE_LOOP('',(#367,#368,#369,#370));
#2533=EDGE_LOOP('',(#371,#372,#373,#374));
#2534=EDGE_LOOP('',(#375,#376,#377,#378));
#2535=EDGE_LOOP('',(#379,#380,#381,#382));
#2536=EDGE_LOOP('',(#383,#384,#385,#386));
#2537=EDGE_LOOP('',(#387,#388,#389,#390));
#2538=EDGE_LOOP('',(#391,#392,#393,#394));
#2539=EDGE_LOOP('',(#395,#396,#397,#398));
#2540=EDGE_LOOP('',(#399,#400,#401,#402));
#2541=EDGE_LOOP('',(#403));
#2542=EDGE_LOOP('',(#404));
#2543=EDGE_LOOP('',(#405));
#2544=EDGE_LOOP('',(#406));
#2545=EDGE_LOOP('',(#407));
#2546=EDGE_LOOP('',(#408));
#2547=EDGE_LOOP('',(#409));
#2548=EDGE_LOOP('',(#410));
#2549=EDGE_LOOP('',(#411));
#2550=EDGE_LOOP('',(#412));
#2551=EDGE_LOOP('',(#413));
#2552=EDGE_LOOP('',(#414));
#2553=EDGE_LOOP('',(#415));
#2554=EDGE_LOOP('',(#416));
#2555=EDGE_LOOP('',(#417));
#2556=EDGE_LOOP('',(#418));
#2557=EDGE_LOOP('',(#419));
#2558=EDGE_LOOP('',(#420));
#2559=EDGE_LOOP('',(#421,#422,#423,#424));
#2560=EDGE_LOOP('',(#425,#426,#427,#428));
#2561=EDGE_LOOP('',(#429,#430,#431,#432));
#2562=EDGE_LOOP('',(#433,#434,#435,#436));
#2563=EDGE_LOOP('',(#437,#438,#439,#440));
#2564=EDGE_LOOP('',(#441,#442,#443,#444));
#2565=EDGE_LOOP('',(#445,#446,#447,#448));
#2566=EDGE_LOOP('',(#449,#450,#451,#452));
#2567=EDGE_LOOP('',(#453,#454,#455,#456));
#2568=EDGE_LOOP('',(#457,#458,#459,#460));
#2569=EDGE_LOOP('',(#461,#462,#463,#464));
#2570=EDGE_LOOP('',(#465,#466,#467,#468));
#2571=EDGE_LOOP('',(#469,#470,#471,#472));
#2572=EDGE_LOOP('',(#473,#474,#475,#476));
#2573=EDGE_LOOP('',(#477,#478,#479,#480));
#2574=EDGE_LOOP('',(#481,#482,#483,#484));
#2575=EDGE_LOOP('',(#485,#486,#487,#488));
#2576=EDGE_LOOP('',(#489,#490,#491,#492));
#2577=EDGE_LOOP('',(#493,#494,#495,#496));
#2578=EDGE_LOOP('',(#497,#498,#499,#500));
#2579=EDGE_LOOP('',(#501,#502,#503,#504));
#2580=EDGE_LOOP('',(#505,#506,#507,#508));
#2581=EDGE_LOOP('',(#509,#510,#511,#512));
#2582=EDGE_LOOP('',(#513,#514,#515,#516));
#2583=EDGE_LOOP('',(#517,#518,#519,#520));
#2584=EDGE_LOOP('',(#521,#522,#523,#524));
#2585=EDGE_LOOP('',(#525,#526,#527,#528));
#2586=EDGE_LOOP('',(#529,#530,#531,#532));
#2587=EDGE_LOOP('',(#533,#534,#535,#536));
#2588=EDGE_LOOP('',(#537,#538,#539,#540));
#2589=EDGE_LOOP('',(#541,#542,#543,#544));
#2590=EDGE_LOOP('',(#545,#546,#547,#548));
#2591=EDGE_LOOP('',(#549,#550,#551,#552));
#2592=EDGE_LOOP('',(#553,#554,#555,#556));
#2593=EDGE_LOOP('',(#557,#558,#559,#560));
#2594=EDGE_LOOP('',(#561,#562,#563,#564));
#2595=EDGE_LOOP('',(#565,#566,#567,#568));
#2596=EDGE_LOOP('',(#569));
#2597=EDGE_LOOP('',(#570));
#2598=EDGE_LOOP('',(#571));
#2599=EDGE_LOOP('',(#572));
#2600=EDGE_LOOP('',(#573,#574,#575,#576));
#2601=EDGE_LOOP('',(#577));
#2602=EDGE_LOOP('',(#578));
#2603=EDGE_LOOP('',(#579,#580,#581,#582,#583,#584,#585,#586,#587,#588,#589,
#590,#591,#592,#593,#594,#595,#596));
#2604=EDGE_LOOP('',(#597));
#2605=EDGE_LOOP('',(#598));
#2606=EDGE_LOOP('',(#599,#600,#601,#602,#603,#604,#605,#606,#607,#608,#609,
#610,#611,#612,#613,#614,#615,#616));
#2607=EDGE_LOOP('',(#617,#618,#619,#620));
#2608=EDGE_LOOP('',(#621,#622,#623,#624));
#2609=EDGE_LOOP('',(#625,#626,#627,#628));
#2610=EDGE_LOOP('',(#629,#630,#631,#632));
#2611=EDGE_LOOP('',(#633,#634,#635,#636));
#2612=EDGE_LOOP('',(#637,#638,#639,#640));
#2613=EDGE_LOOP('',(#641,#642,#643,#644));
#2614=EDGE_LOOP('',(#645,#646,#647,#648));
#2615=EDGE_LOOP('',(#649,#650,#651,#652));
#2616=EDGE_LOOP('',(#653,#654,#655,#656,#657,#658,#659,#660,#661,#662,#663,
#664,#665));
#2617=EDGE_LOOP('',(#666));
#2618=EDGE_LOOP('',(#667));
#2619=EDGE_LOOP('',(#668));
#2620=EDGE_LOOP('',(#669,#670,#671,#672,#673,#674,#675,#676,#677,#678,#679,
#680,#681));
#2621=EDGE_LOOP('',(#682));
#2622=EDGE_LOOP('',(#683));
#2623=EDGE_LOOP('',(#684));
#2624=EDGE_LOOP('',(#685,#686,#687,#688));
#2625=EDGE_LOOP('',(#689,#690,#691,#692));
#2626=EDGE_LOOP('',(#693,#694,#695,#696));
#2627=EDGE_LOOP('',(#697));
#2628=EDGE_LOOP('',(#698));
#2629=EDGE_LOOP('',(#699));
#2630=EDGE_LOOP('',(#700));
#2631=EDGE_LOOP('',(#701));
#2632=EDGE_LOOP('',(#702));
#2633=EDGE_LOOP('',(#703,#704,#705,#706));
#2634=EDGE_LOOP('',(#707,#708,#709,#710));
#2635=EDGE_LOOP('',(#711,#712,#713,#714));
#2636=EDGE_LOOP('',(#715,#716,#717,#718));
#2637=EDGE_LOOP('',(#719,#720,#721,#722));
#2638=EDGE_LOOP('',(#723,#724,#725,#726));
#2639=EDGE_LOOP('',(#727,#728,#729,#730));
#2640=EDGE_LOOP('',(#731,#732,#733,#734));
#2641=EDGE_LOOP('',(#735));
#2642=EDGE_LOOP('',(#736));
#2643=EDGE_LOOP('',(#737,#738,#739,#740));
#2644=EDGE_LOOP('',(#741));
#2645=EDGE_LOOP('',(#742,#743,#744,#745));
#2646=EDGE_LOOP('',(#746));
#2647=EDGE_LOOP('',(#747,#748,#749,#750));
#2648=EDGE_LOOP('',(#751,#752,#753,#754));
#2649=EDGE_LOOP('',(#755,#756,#757,#758));
#2650=EDGE_LOOP('',(#759,#760,#761,#762));
#2651=EDGE_LOOP('',(#763,#764,#765,#766));
#2652=EDGE_LOOP('',(#767,#768,#769,#770));
#2653=EDGE_LOOP('',(#771,#772,#773,#774));
#2654=EDGE_LOOP('',(#775));
#2655=EDGE_LOOP('',(#776));
#2656=EDGE_LOOP('',(#777,#778,#779,#780));
#2657=EDGE_LOOP('',(#781));
#2658=EDGE_LOOP('',(#782,#783,#784,#785));
#2659=EDGE_LOOP('',(#786));
#2660=EDGE_LOOP('',(#787,#788,#789,#790));
#2661=EDGE_LOOP('',(#791,#792,#793,#794));
#2662=EDGE_LOOP('',(#795,#796,#797,#798));
#2663=EDGE_LOOP('',(#799,#800,#801,#802));
#2664=EDGE_LOOP('',(#803,#804,#805,#806));
#2665=EDGE_LOOP('',(#807,#808,#809,#810));
#2666=EDGE_LOOP('',(#811,#812,#813,#814));
#2667=EDGE_LOOP('',(#815,#816,#817,#818));
#2668=EDGE_LOOP('',(#819,#820,#821,#822));
#2669=EDGE_LOOP('',(#823,#824,#825,#826));
#2670=EDGE_LOOP('',(#827,#828,#829,#830,#831,#832,#833,#834,#835,#836,#837,
#838,#839));
#2671=EDGE_LOOP('',(#840));
#2672=EDGE_LOOP('',(#841));
#2673=EDGE_LOOP('',(#842));
#2674=EDGE_LOOP('',(#843,#844,#845,#846,#847,#848,#849,#850,#851,#852,#853,
#854,#855));
#2675=EDGE_LOOP('',(#856));
#2676=EDGE_LOOP('',(#857));
#2677=EDGE_LOOP('',(#858));
#2678=EDGE_LOOP('',(#859,#860,#861,#862));
#2679=EDGE_LOOP('',(#863,#864,#865,#866));
#2680=EDGE_LOOP('',(#867,#868,#869,#870));
#2681=EDGE_LOOP('',(#871));
#2682=EDGE_LOOP('',(#872));
#2683=EDGE_LOOP('',(#873));
#2684=EDGE_LOOP('',(#874));
#2685=EDGE_LOOP('',(#875));
#2686=EDGE_LOOP('',(#876));
#2687=EDGE_LOOP('',(#877,#878,#879,#880));
#2688=EDGE_LOOP('',(#881,#882,#883,#884));
#2689=EDGE_LOOP('',(#885,#886,#887,#888));
#2690=EDGE_LOOP('',(#889,#890,#891,#892));
#2691=EDGE_LOOP('',(#893,#894,#895,#896));
#2692=EDGE_LOOP('',(#897,#898,#899,#900));
#2693=EDGE_LOOP('',(#901,#902,#903,#904));
#2694=EDGE_LOOP('',(#905,#906,#907,#908));
#2695=EDGE_LOOP('',(#909));
#2696=EDGE_LOOP('',(#910));
#2697=EDGE_LOOP('',(#911,#912,#913,#914));
#2698=EDGE_LOOP('',(#915));
#2699=EDGE_LOOP('',(#916,#917,#918,#919));
#2700=EDGE_LOOP('',(#920));
#2701=EDGE_LOOP('',(#921,#922,#923,#924));
#2702=EDGE_LOOP('',(#925,#926,#927,#928));
#2703=EDGE_LOOP('',(#929,#930,#931,#932));
#2704=EDGE_LOOP('',(#933,#934,#935,#936));
#2705=EDGE_LOOP('',(#937,#938,#939,#940));
#2706=EDGE_LOOP('',(#941,#942,#943,#944));
#2707=EDGE_LOOP('',(#945,#946,#947,#948));
#2708=EDGE_LOOP('',(#949));
#2709=EDGE_LOOP('',(#950));
#2710=EDGE_LOOP('',(#951,#952,#953,#954));
#2711=EDGE_LOOP('',(#955));
#2712=EDGE_LOOP('',(#956,#957,#958,#959));
#2713=EDGE_LOOP('',(#960));
#2714=EDGE_LOOP('',(#961,#962,#963,#964));
#2715=EDGE_LOOP('',(#965,#966,#967,#968));
#2716=EDGE_LOOP('',(#969,#970,#971,#972));
#2717=EDGE_LOOP('',(#973,#974,#975,#976));
#2718=EDGE_LOOP('',(#977,#978,#979,#980));
#2719=EDGE_LOOP('',(#981,#982,#983,#984));
#2720=EDGE_LOOP('',(#985,#986,#987,#988));
#2721=EDGE_LOOP('',(#989,#990,#991,#992));
#2722=EDGE_LOOP('',(#993,#994,#995,#996));
#2723=EDGE_LOOP('',(#997,#998,#999,#1000));
#2724=EDGE_LOOP('',(#1001,#1002,#1003,#1004));
#2725=EDGE_LOOP('',(#1005));
#2726=EDGE_LOOP('',(#1006));
#2727=EDGE_LOOP('',(#1007,#1008,#1009,#1010));
#2728=EDGE_LOOP('',(#1011));
#2729=EDGE_LOOP('',(#1012,#1013,#1014,#1015,#1016));
#2730=EDGE_LOOP('',(#1017));
#2731=EDGE_LOOP('',(#1018,#1019,#1020,#1021,#1022));
#2732=EDGE_LOOP('',(#1023,#1024,#1025,#1026));
#2733=EDGE_LOOP('',(#1027,#1028,#1029,#1030));
#2734=EDGE_LOOP('',(#1031,#1032,#1033,#1034));
#2735=EDGE_LOOP('',(#1035,#1036,#1037,#1038));
#2736=EDGE_LOOP('',(#1039,#1040,#1041,#1042));
#2737=EDGE_LOOP('',(#1043,#1044,#1045,#1046));
#2738=EDGE_LOOP('',(#1047,#1048,#1049,#1050));
#2739=EDGE_LOOP('',(#1051));
#2740=EDGE_LOOP('',(#1052));
#2741=EDGE_LOOP('',(#1053,#1054,#1055,#1056));
#2742=EDGE_LOOP('',(#1057));
#2743=EDGE_LOOP('',(#1058,#1059,#1060,#1061,#1062));
#2744=EDGE_LOOP('',(#1063));
#2745=EDGE_LOOP('',(#1064,#1065,#1066,#1067,#1068));
#2746=EDGE_LOOP('',(#1069,#1070,#1071,#1072));
#2747=EDGE_LOOP('',(#1073,#1074,#1075,#1076));
#2748=EDGE_LOOP('',(#1077,#1078,#1079,#1080));
#2749=EDGE_LOOP('',(#1081,#1082,#1083,#1084));
#2750=EDGE_LOOP('',(#1085,#1086,#1087,#1088));
#2751=FACE_BOUND('',#2495,.T.);
#2752=FACE_BOUND('',#2496,.T.);
#2753=FACE_BOUND('',#2497,.T.);
#2754=FACE_BOUND('',#2498,.T.);
#2755=FACE_BOUND('',#2499,.T.);
#2756=FACE_BOUND('',#2500,.T.);
#2757=FACE_BOUND('',#2501,.T.);
#2758=FACE_BOUND('',#2502,.T.);
#2759=FACE_BOUND('',#2503,.T.);
#2760=FACE_BOUND('',#2504,.T.);
#2761=FACE_BOUND('',#2505,.T.);
#2762=FACE_BOUND('',#2506,.T.);
#2763=FACE_BOUND('',#2507,.T.);
#2764=FACE_BOUND('',#2508,.T.);
#2765=FACE_BOUND('',#2509,.T.);
#2766=FACE_BOUND('',#2510,.T.);
#2767=FACE_BOUND('',#2511,.T.);
#2768=FACE_BOUND('',#2512,.T.);
#2769=FACE_BOUND('',#2513,.T.);
#2770=FACE_BOUND('',#2514,.T.);
#2771=FACE_BOUND('',#2515,.T.);
#2772=FACE_BOUND('',#2516,.T.);
#2773=FACE_BOUND('',#2517,.T.);
#2774=FACE_BOUND('',#2518,.T.);
#2775=FACE_BOUND('',#2519,.T.);
#2776=FACE_BOUND('',#2520,.T.);
#2777=FACE_BOUND('',#2521,.T.);
#2778=FACE_BOUND('',#2522,.T.);
#2779=FACE_BOUND('',#2523,.T.);
#2780=FACE_BOUND('',#2524,.T.);
#2781=FACE_BOUND('',#2525,.T.);
#2782=FACE_BOUND('',#2526,.T.);
#2783=FACE_BOUND('',#2527,.T.);
#2784=FACE_BOUND('',#2528,.T.);
#2785=FACE_BOUND('',#2529,.T.);
#2786=FACE_BOUND('',#2530,.T.);
#2787=FACE_BOUND('',#2531,.T.);
#2788=FACE_BOUND('',#2532,.T.);
#2789=FACE_BOUND('',#2533,.T.);
#2790=FACE_BOUND('',#2534,.T.);
#2791=FACE_BOUND('',#2535,.T.);
#2792=FACE_BOUND('',#2536,.T.);
#2793=FACE_BOUND('',#2537,.T.);
#2794=FACE_BOUND('',#2538,.T.);
#2795=FACE_BOUND('',#2539,.T.);
#2796=FACE_BOUND('',#2540,.T.);
#2797=FACE_BOUND('',#2541,.T.);
#2798=FACE_BOUND('',#2542,.T.);
#2799=FACE_BOUND('',#2543,.T.);
#2800=FACE_BOUND('',#2544,.T.);
#2801=FACE_BOUND('',#2545,.T.);
#2802=FACE_BOUND('',#2546,.T.);
#2803=FACE_BOUND('',#2547,.T.);
#2804=FACE_BOUND('',#2548,.T.);
#2805=FACE_BOUND('',#2549,.T.);
#2806=FACE_BOUND('',#2550,.T.);
#2807=FACE_BOUND('',#2551,.T.);
#2808=FACE_BOUND('',#2552,.T.);
#2809=FACE_BOUND('',#2553,.T.);
#2810=FACE_BOUND('',#2554,.T.);
#2811=FACE_BOUND('',#2555,.T.);
#2812=FACE_BOUND('',#2556,.T.);
#2813=FACE_BOUND('',#2557,.T.);
#2814=FACE_BOUND('',#2558,.T.);
#2815=FACE_BOUND('',#2559,.T.);
#2816=FACE_BOUND('',#2560,.T.);
#2817=FACE_BOUND('',#2561,.T.);
#2818=FACE_BOUND('',#2562,.T.);
#2819=FACE_BOUND('',#2563,.T.);
#2820=FACE_BOUND('',#2564,.T.);
#2821=FACE_BOUND('',#2565,.T.);
#2822=FACE_BOUND('',#2566,.T.);
#2823=FACE_BOUND('',#2567,.T.);
#2824=FACE_BOUND('',#2568,.T.);
#2825=FACE_BOUND('',#2569,.T.);
#2826=FACE_BOUND('',#2570,.T.);
#2827=FACE_BOUND('',#2571,.T.);
#2828=FACE_BOUND('',#2572,.T.);
#2829=FACE_BOUND('',#2573,.T.);
#2830=FACE_BOUND('',#2574,.T.);
#2831=FACE_BOUND('',#2575,.T.);
#2832=FACE_BOUND('',#2576,.T.);
#2833=FACE_BOUND('',#2577,.T.);
#2834=FACE_BOUND('',#2578,.T.);
#2835=FACE_BOUND('',#2579,.T.);
#2836=FACE_BOUND('',#2580,.T.);
#2837=FACE_BOUND('',#2581,.T.);
#2838=FACE_BOUND('',#2582,.T.);
#2839=FACE_BOUND('',#2583,.T.);
#2840=FACE_BOUND('',#2584,.T.);
#2841=FACE_BOUND('',#2585,.T.);
#2842=FACE_BOUND('',#2586,.T.);
#2843=FACE_BOUND('',#2587,.T.);
#2844=FACE_BOUND('',#2588,.T.);
#2845=FACE_BOUND('',#2589,.T.);
#2846=FACE_BOUND('',#2590,.T.);
#2847=FACE_BOUND('',#2591,.T.);
#2848=FACE_BOUND('',#2592,.T.);
#2849=FACE_BOUND('',#2593,.T.);
#2850=FACE_BOUND('',#2594,.T.);
#2851=FACE_BOUND('',#2595,.T.);
#2852=FACE_BOUND('',#2596,.T.);
#2853=FACE_BOUND('',#2597,.T.);
#2854=FACE_BOUND('',#2598,.T.);
#2855=FACE_BOUND('',#2599,.T.);
#2856=FACE_BOUND('',#2600,.T.);
#2857=FACE_BOUND('',#2601,.T.);
#2858=FACE_BOUND('',#2602,.T.);
#2859=FACE_BOUND('',#2603,.T.);
#2860=FACE_BOUND('',#2604,.T.);
#2861=FACE_BOUND('',#2605,.T.);
#2862=FACE_BOUND('',#2606,.T.);
#2863=FACE_BOUND('',#2607,.T.);
#2864=FACE_BOUND('',#2608,.T.);
#2865=FACE_BOUND('',#2609,.T.);
#2866=FACE_BOUND('',#2610,.T.);
#2867=FACE_BOUND('',#2611,.T.);
#2868=FACE_BOUND('',#2612,.T.);
#2869=FACE_BOUND('',#2613,.T.);
#2870=FACE_BOUND('',#2614,.T.);
#2871=FACE_BOUND('',#2615,.T.);
#2872=FACE_BOUND('',#2616,.T.);
#2873=FACE_BOUND('',#2617,.T.);
#2874=FACE_BOUND('',#2618,.T.);
#2875=FACE_BOUND('',#2619,.T.);
#2876=FACE_BOUND('',#2620,.T.);
#2877=FACE_BOUND('',#2621,.T.);
#2878=FACE_BOUND('',#2622,.T.);
#2879=FACE_BOUND('',#2623,.T.);
#2880=FACE_BOUND('',#2624,.T.);
#2881=FACE_BOUND('',#2625,.T.);
#2882=FACE_BOUND('',#2626,.T.);
#2883=FACE_BOUND('',#2627,.T.);
#2884=FACE_BOUND('',#2628,.T.);
#2885=FACE_BOUND('',#2629,.T.);
#2886=FACE_BOUND('',#2630,.T.);
#2887=FACE_BOUND('',#2631,.T.);
#2888=FACE_BOUND('',#2632,.T.);
#2889=FACE_BOUND('',#2633,.T.);
#2890=FACE_BOUND('',#2634,.T.);
#2891=FACE_BOUND('',#2635,.T.);
#2892=FACE_BOUND('',#2636,.T.);
#2893=FACE_BOUND('',#2637,.T.);
#2894=FACE_BOUND('',#2638,.T.);
#2895=FACE_BOUND('',#2639,.T.);
#2896=FACE_BOUND('',#2640,.T.);
#2897=FACE_BOUND('',#2641,.T.);
#2898=FACE_BOUND('',#2642,.T.);
#2899=FACE_BOUND('',#2643,.T.);
#2900=FACE_BOUND('',#2644,.T.);
#2901=FACE_BOUND('',#2645,.T.);
#2902=FACE_BOUND('',#2646,.T.);
#2903=FACE_BOUND('',#2647,.T.);
#2904=FACE_BOUND('',#2648,.T.);
#2905=FACE_BOUND('',#2649,.T.);
#2906=FACE_BOUND('',#2650,.T.);
#2907=FACE_BOUND('',#2651,.T.);
#2908=FACE_BOUND('',#2652,.T.);
#2909=FACE_BOUND('',#2653,.T.);
#2910=FACE_BOUND('',#2654,.T.);
#2911=FACE_BOUND('',#2655,.T.);
#2912=FACE_BOUND('',#2656,.T.);
#2913=FACE_BOUND('',#2657,.T.);
#2914=FACE_BOUND('',#2658,.T.);
#2915=FACE_BOUND('',#2659,.T.);
#2916=FACE_BOUND('',#2660,.T.);
#2917=FACE_BOUND('',#2661,.T.);
#2918=FACE_BOUND('',#2662,.T.);
#2919=FACE_BOUND('',#2663,.T.);
#2920=FACE_BOUND('',#2664,.T.);
#2921=FACE_BOUND('',#2665,.T.);
#2922=FACE_BOUND('',#2666,.T.);
#2923=FACE_BOUND('',#2667,.T.);
#2924=FACE_BOUND('',#2668,.T.);
#2925=FACE_BOUND('',#2669,.T.);
#2926=FACE_BOUND('',#2670,.T.);
#2927=FACE_BOUND('',#2671,.T.);
#2928=FACE_BOUND('',#2672,.T.);
#2929=FACE_BOUND('',#2673,.T.);
#2930=FACE_BOUND('',#2674,.T.);
#2931=FACE_BOUND('',#2675,.T.);
#2932=FACE_BOUND('',#2676,.T.);
#2933=FACE_BOUND('',#2677,.T.);
#2934=FACE_BOUND('',#2678,.T.);
#2935=FACE_BOUND('',#2679,.T.);
#2936=FACE_BOUND('',#2680,.T.);
#2937=FACE_BOUND('',#2681,.T.);
#2938=FACE_BOUND('',#2682,.T.);
#2939=FACE_BOUND('',#2683,.T.);
#2940=FACE_BOUND('',#2684,.T.);
#2941=FACE_BOUND('',#2685,.T.);
#2942=FACE_BOUND('',#2686,.T.);
#2943=FACE_BOUND('',#2687,.T.);
#2944=FACE_BOUND('',#2688,.T.);
#2945=FACE_BOUND('',#2689,.T.);
#2946=FACE_BOUND('',#2690,.T.);
#2947=FACE_BOUND('',#2691,.T.);
#2948=FACE_BOUND('',#2692,.T.);
#2949=FACE_BOUND('',#2693,.T.);
#2950=FACE_BOUND('',#2694,.T.);
#2951=FACE_BOUND('',#2695,.T.);
#2952=FACE_BOUND('',#2696,.T.);
#2953=FACE_BOUND('',#2697,.T.);
#2954=FACE_BOUND('',#2698,.T.);
#2955=FACE_BOUND('',#2699,.T.);
#2956=FACE_BOUND('',#2700,.T.);
#2957=FACE_BOUND('',#2701,.T.);
#2958=FACE_BOUND('',#2702,.T.);
#2959=FACE_BOUND('',#2703,.T.);
#2960=FACE_BOUND('',#2704,.T.);
#2961=FACE_BOUND('',#2705,.T.);
#2962=FACE_BOUND('',#2706,.T.);
#2963=FACE_BOUND('',#2707,.T.);
#2964=FACE_BOUND('',#2708,.T.);
#2965=FACE_BOUND('',#2709,.T.);
#2966=FACE_BOUND('',#2710,.T.);
#2967=FACE_BOUND('',#2711,.T.);
#2968=FACE_BOUND('',#2712,.T.);
#2969=FACE_BOUND('',#2713,.T.);
#2970=FACE_BOUND('',#2714,.T.);
#2971=FACE_BOUND('',#2715,.T.);
#2972=FACE_BOUND('',#2716,.T.);
#2973=FACE_BOUND('',#2717,.T.);
#2974=FACE_BOUND('',#2718,.T.);
#2975=FACE_BOUND('',#2719,.T.);
#2976=FACE_BOUND('',#2720,.T.);
#2977=FACE_BOUND('',#2721,.T.);
#2978=FACE_BOUND('',#2722,.T.);
#2979=FACE_BOUND('',#2723,.T.);
#2980=FACE_BOUND('',#2724,.T.);
#2981=FACE_BOUND('',#2725,.T.);
#2982=FACE_BOUND('',#2726,.T.);
#2983=FACE_BOUND('',#2727,.T.);
#2984=FACE_BOUND('',#2728,.T.);
#2985=FACE_BOUND('',#2729,.T.);
#2986=FACE_BOUND('',#2730,.T.);
#2987=FACE_BOUND('',#2731,.T.);
#2988=FACE_BOUND('',#2732,.T.);
#2989=FACE_BOUND('',#2733,.T.);
#2990=FACE_BOUND('',#2734,.T.);
#2991=FACE_BOUND('',#2735,.T.);
#2992=FACE_BOUND('',#2736,.T.);
#2993=FACE_BOUND('',#2737,.T.);
#2994=FACE_BOUND('',#2738,.T.);
#2995=FACE_BOUND('',#2739,.T.);
#2996=FACE_BOUND('',#2740,.T.);
#2997=FACE_BOUND('',#2741,.T.);
#2998=FACE_BOUND('',#2742,.T.);
#2999=FACE_BOUND('',#2743,.T.);
#3000=FACE_BOUND('',#2744,.T.);
#3001=FACE_BOUND('',#2745,.T.);
#3002=FACE_BOUND('',#2746,.T.);
#3003=FACE_BOUND('',#2747,.T.);
#3004=FACE_BOUND('',#2748,.T.);
#3005=FACE_BOUND('',#2749,.T.);
#3006=FACE_BOUND('',#2750,.T.);
#3007=PLANE('',#3327);
#3008=PLANE('',#3328);
#3009=PLANE('',#3329);
#3010=PLANE('',#3330);
#3011=PLANE('',#3348);
#3012=PLANE('',#3366);
#3013=PLANE('',#3367);
#3014=PLANE('',#3368);
#3015=PLANE('',#3369);
#3016=PLANE('',#3370);
#3017=PLANE('',#3371);
#3018=PLANE('',#3372);
#3019=PLANE('',#3373);
#3020=PLANE('',#3374);
#3021=PLANE('',#3375);
#3022=PLANE('',#3377);
#3023=PLANE('',#3379);
#3024=PLANE('',#3380);
#3025=PLANE('',#3381);
#3026=PLANE('',#3382);
#3027=PLANE('',#3383);
#3028=PLANE('',#3384);
#3029=PLANE('',#3394);
#3030=PLANE('',#3395);
#3031=PLANE('',#3396);
#3032=PLANE('',#3397);
#3033=PLANE('',#3399);
#3034=PLANE('',#3400);
#3035=PLANE('',#3401);
#3036=PLANE('',#3403);
#3037=PLANE('',#3404);
#3038=PLANE('',#3406);
#3039=PLANE('',#3407);
#3040=PLANE('',#3408);
#3041=PLANE('',#3409);
#3042=PLANE('',#3411);
#3043=PLANE('',#3412);
#3044=PLANE('',#3413);
#3045=PLANE('',#3415);
#3046=PLANE('',#3416);
#3047=PLANE('',#3418);
#3048=PLANE('',#3419);
#3049=PLANE('',#3420);
#3050=PLANE('',#3421);
#3051=PLANE('',#3422);
#3052=PLANE('',#3423);
#3053=PLANE('',#3424);
#3054=PLANE('',#3425);
#3055=PLANE('',#3426);
#3056=PLANE('',#3427);
#3057=PLANE('',#3428);
#3058=PLANE('',#3429);
#3059=PLANE('',#3430);
#3060=PLANE('',#3437);
#3061=PLANE('',#3438);
#3062=PLANE('',#3443);
#3063=PLANE('',#3452);
#3064=PLANE('',#3455);
#3065=PLANE('',#3460);
#3066=PLANE('',#3461);
#3067=PLANE('',#3467);
#3068=PLANE('',#3473);
#3069=PLANE('',#3474);
#3070=PLANE('',#3475);
#3071=PLANE('',#3479);
#3072=PLANE('',#3481);
#3073=PLANE('',#3482);
#3074=PLANE('',#3484);
#3075=PLANE('',#3485);
#3076=PLANE('',#3486);
#3077=PLANE('',#3490);
#3078=PLANE('',#3491);
#3079=PLANE('',#3492);
#3080=PLANE('',#3493);
#3081=PLANE('',#3498);
#3082=PLANE('',#3499);
#3083=PLANE('',#3503);
#3084=PLANE('',#3504);
#3085=PLANE('',#3505);
#3086=PLANE('',#3506);
#3087=PLANE('',#3509);
#3088=PLANE('',#3514);
#3089=PLANE('',#3517);
#3090=PLANE('',#3522);
#3091=PLANE('',#3523);
#3092=PLANE('',#3529);
#3093=PLANE('',#3535);
#3094=PLANE('',#3536);
#3095=PLANE('',#3537);
#3096=PLANE('',#3541);
#3097=PLANE('',#3543);
#3098=PLANE('',#3544);
#3099=PLANE('',#3546);
#3100=PLANE('',#3547);
#3101=PLANE('',#3548);
#3102=PLANE('',#3552);
#3103=PLANE('',#3553);
#3104=PLANE('',#3554);
#3105=PLANE('',#3555);
#3106=PLANE('',#3560);
#3107=PLANE('',#3561);
#3108=PLANE('',#3565);
#3109=PLANE('',#3566);
#3110=PLANE('',#3567);
#3111=PLANE('',#3568);
#3112=PLANE('',#3571);
#3113=PLANE('',#3576);
#3114=PLANE('',#3579);
#3115=PLANE('',#3584);
#3116=PLANE('',#3585);
#3117=PLANE('',#3589);
#3118=PLANE('',#3590);
#3119=PLANE('',#3591);
#3120=PLANE('',#3592);
#3121=PLANE('',#3593);
#3122=PLANE('',#3596);
#3123=PLANE('',#3601);
#3124=PLANE('',#3602);
#3125=PLANE('',#3606);
#3126=PLANE('',#3607);
#3127=PLANE('',#3608);
#3128=PLANE('',#3609);
#3129=PLANE('',#3610);
#3130=PLANE('',#3613);
#3131=ADVANCED_FACE('',(#2751),#3007,.F.);
#3132=ADVANCED_FACE('',(#2752),#3008,.F.);
#3133=ADVANCED_FACE('',(#2753),#3009,.T.);
#3134=ADVANCED_FACE('',(#2754,#2755,#2756,#2757,#2758,#2759,#2760,#2761,
#2762,#2763,#2764,#2765),#3010,.T.);
#3135=ADVANCED_FACE('',(#2766,#2767,#2768,#2769,#2770,#2771,#2772,#2773,
#2774,#2775,#2776,#2777),#3011,.F.);
#3136=ADVANCED_FACE('',(#2778),#3012,.T.);
#3137=ADVANCED_FACE('',(#2779),#3013,.T.);
#3138=ADVANCED_FACE('',(#2780),#3014,.F.);
#3139=ADVANCED_FACE('',(#2781),#3015,.T.);
#3140=ADVANCED_FACE('',(#2782),#3016,.T.);
#3141=ADVANCED_FACE('',(#2783),#3017,.T.);
#3142=ADVANCED_FACE('',(#2784),#3018,.F.);
#3143=ADVANCED_FACE('',(#2785),#3019,.T.);
#3144=ADVANCED_FACE('',(#2786),#3020,.T.);
#3145=ADVANCED_FACE('',(#2787),#3021,.T.);
#3146=ADVANCED_FACE('',(#2788),#26,.T.);
#3147=ADVANCED_FACE('',(#2789),#3022,.T.);
#3148=ADVANCED_FACE('',(#2790),#27,.T.);
#3149=ADVANCED_FACE('',(#2791),#3023,.T.);
#3150=ADVANCED_FACE('',(#2792),#3024,.T.);
#3151=ADVANCED_FACE('',(#2793),#3025,.F.);
#3152=ADVANCED_FACE('',(#2794),#3026,.F.);
#3153=ADVANCED_FACE('',(#2795),#3027,.T.);
#3154=ADVANCED_FACE('',(#2796),#3028,.T.);
#3155=ADVANCED_FACE('',(#2797,#2798),#28,.F.);
#3156=ADVANCED_FACE('',(#2799,#2800),#29,.F.);
#3157=ADVANCED_FACE('',(#2801,#2802),#30,.F.);
#3158=ADVANCED_FACE('',(#2803,#2804),#31,.F.);
#3159=ADVANCED_FACE('',(#2805,#2806),#32,.F.);
#3160=ADVANCED_FACE('',(#2807,#2808),#33,.F.);
#3161=ADVANCED_FACE('',(#2809,#2810),#34,.F.);
#3162=ADVANCED_FACE('',(#2811,#2812),#35,.F.);
#3163=ADVANCED_FACE('',(#2813,#2814),#36,.F.);
#3164=ADVANCED_FACE('',(#2815),#3029,.T.);
#3165=ADVANCED_FACE('',(#2816),#3030,.F.);
#3166=ADVANCED_FACE('',(#2817),#3031,.F.);
#3167=ADVANCED_FACE('',(#2818),#3032,.T.);
#3168=ADVANCED_FACE('',(#2819),#37,.F.);
#3169=ADVANCED_FACE('',(#2820),#3033,.T.);
#3170=ADVANCED_FACE('',(#2821),#3034,.T.);
#3171=ADVANCED_FACE('',(#2822),#3035,.F.);
#3172=ADVANCED_FACE('',(#2823),#38,.F.);
#3173=ADVANCED_FACE('',(#2824),#3036,.F.);
#3174=ADVANCED_FACE('',(#2825),#3037,.T.);
#3175=ADVANCED_FACE('',(#2826),#39,.F.);
#3176=ADVANCED_FACE('',(#2827),#3038,.T.);
#3177=ADVANCED_FACE('',(#2828),#3039,.T.);
#3178=ADVANCED_FACE('',(#2829),#3040,.F.);
#3179=ADVANCED_FACE('',(#2830),#3041,.F.);
#3180=ADVANCED_FACE('',(#2831),#40,.F.);
#3181=ADVANCED_FACE('',(#2832),#3042,.F.);
#3182=ADVANCED_FACE('',(#2833),#3043,.F.);
#3183=ADVANCED_FACE('',(#2834),#3044,.F.);
#3184=ADVANCED_FACE('',(#2835),#41,.F.);
#3185=ADVANCED_FACE('',(#2836),#3045,.F.);
#3186=ADVANCED_FACE('',(#2837),#3046,.T.);
#3187=ADVANCED_FACE('',(#2838),#42,.F.);
#3188=ADVANCED_FACE('',(#2839),#3047,.T.);
#3189=ADVANCED_FACE('',(#2840),#3048,.F.);
#3190=ADVANCED_FACE('',(#2841),#3049,.F.);
#3191=ADVANCED_FACE('',(#2842),#3050,.T.);
#3192=ADVANCED_FACE('',(#2843),#3051,.F.);
#3193=ADVANCED_FACE('',(#2844),#3052,.F.);
#3194=ADVANCED_FACE('',(#2845),#3053,.F.);
#3195=ADVANCED_FACE('',(#2846),#3054,.F.);
#3196=ADVANCED_FACE('',(#2847),#3055,.T.);
#3197=ADVANCED_FACE('',(#2848),#3056,.F.);
#3198=ADVANCED_FACE('',(#2849),#3057,.F.);
#3199=ADVANCED_FACE('',(#2850),#3058,.F.);
#3200=ADVANCED_FACE('',(#2851),#3059,.F.);
#3201=ADVANCED_FACE('',(#2852,#2853),#43,.F.);
#3202=ADVANCED_FACE('',(#2854,#2855),#44,.F.);
#3203=ADVANCED_FACE('',(#2856),#3060,.F.);
#3204=ADVANCED_FACE('',(#2857,#2858,#2859),#3061,.T.);
#3205=ADVANCED_FACE('',(#2860,#2861,#2862),#3062,.F.);
#3206=ADVANCED_FACE('',(#2863),#45,.T.);
#3207=ADVANCED_FACE('',(#2864),#46,.T.);
#3208=ADVANCED_FACE('',(#2865),#47,.T.);
#3209=ADVANCED_FACE('',(#2866),#48,.T.);
#3210=ADVANCED_FACE('',(#2867),#3063,.F.);
#3211=ADVANCED_FACE('',(#2868),#3064,.T.);
#3212=ADVANCED_FACE('',(#2869),#49,.T.);
#3213=ADVANCED_FACE('',(#2870),#50,.F.);
#3214=ADVANCED_FACE('',(#2871),#3065,.F.);
#3215=ADVANCED_FACE('',(#2872,#2873,#2874,#2875),#3066,.T.);
#3216=ADVANCED_FACE('',(#2876,#2877,#2878,#2879),#3067,.F.);
#3217=ADVANCED_FACE('',(#2880),#3068,.T.);
#3218=ADVANCED_FACE('',(#2881),#3069,.T.);
#3219=ADVANCED_FACE('',(#2882),#3070,.F.);
#3220=ADVANCED_FACE('',(#2883,#2884),#51,.F.);
#3221=ADVANCED_FACE('',(#2885,#2886),#52,.F.);
#3222=ADVANCED_FACE('',(#2887,#2888),#53,.F.);
#3223=ADVANCED_FACE('',(#2889),#3071,.T.);
#3224=ADVANCED_FACE('',(#2890),#54,.F.);
#3225=ADVANCED_FACE('',(#2891),#3072,.T.);
#3226=ADVANCED_FACE('',(#2892),#3073,.F.);
#3227=ADVANCED_FACE('',(#2893),#55,.F.);
#3228=ADVANCED_FACE('',(#2894),#3074,.F.);
#3229=ADVANCED_FACE('',(#2895),#3075,.F.);
#3230=ADVANCED_FACE('',(#2896),#3076,.F.);
#3231=ADVANCED_FACE('',(#2897,#2898),#56,.F.);
#3232=ADVANCED_FACE('',(#2899),#3077,.F.);
#3233=ADVANCED_FACE('',(#2900,#2901),#3078,.T.);
#3234=ADVANCED_FACE('',(#2902,#2903),#3079,.F.);
#3235=ADVANCED_FACE('',(#2904),#3080,.F.);
#3236=ADVANCED_FACE('',(#2905),#24,.F.);
#3237=ADVANCED_FACE('',(#2906),#57,.T.);
#3238=ADVANCED_FACE('',(#2907),#58,.F.);
#3239=ADVANCED_FACE('',(#2908),#3081,.F.);
#3240=ADVANCED_FACE('',(#2909),#3082,.F.);
#3241=ADVANCED_FACE('',(#2910,#2911),#59,.F.);
#3242=ADVANCED_FACE('',(#2912),#3083,.F.);
#3243=ADVANCED_FACE('',(#2913,#2914),#3084,.T.);
#3244=ADVANCED_FACE('',(#2915,#2916),#3085,.F.);
#3245=ADVANCED_FACE('',(#2917),#3086,.F.);
#3246=ADVANCED_FACE('',(#2918),#3087,.T.);
#3247=ADVANCED_FACE('',(#2919),#60,.T.);
#3248=ADVANCED_FACE('',(#2920),#61,.F.);
#3249=ADVANCED_FACE('',(#2921),#3088,.F.);
#3250=ADVANCED_FACE('',(#2922),#3089,.T.);
#3251=ADVANCED_FACE('',(#2923),#62,.T.);
#3252=ADVANCED_FACE('',(#2924),#63,.F.);
#3253=ADVANCED_FACE('',(#2925),#3090,.F.);
#3254=ADVANCED_FACE('',(#2926,#2927,#2928,#2929),#3091,.T.);
#3255=ADVANCED_FACE('',(#2930,#2931,#2932,#2933),#3092,.F.);
#3256=ADVANCED_FACE('',(#2934),#3093,.F.);
#3257=ADVANCED_FACE('',(#2935),#3094,.F.);
#3258=ADVANCED_FACE('',(#2936),#3095,.F.);
#3259=ADVANCED_FACE('',(#2937,#2938),#64,.F.);
#3260=ADVANCED_FACE('',(#2939,#2940),#65,.F.);
#3261=ADVANCED_FACE('',(#2941,#2942),#66,.F.);
#3262=ADVANCED_FACE('',(#2943),#3096,.T.);
#3263=ADVANCED_FACE('',(#2944),#67,.F.);
#3264=ADVANCED_FACE('',(#2945),#3097,.T.);
#3265=ADVANCED_FACE('',(#2946),#3098,.F.);
#3266=ADVANCED_FACE('',(#2947),#68,.F.);
#3267=ADVANCED_FACE('',(#2948),#3099,.F.);
#3268=ADVANCED_FACE('',(#2949),#3100,.F.);
#3269=ADVANCED_FACE('',(#2950),#3101,.F.);
#3270=ADVANCED_FACE('',(#2951,#2952),#69,.F.);
#3271=ADVANCED_FACE('',(#2953),#3102,.F.);
#3272=ADVANCED_FACE('',(#2954,#2955),#3103,.T.);
#3273=ADVANCED_FACE('',(#2956,#2957),#3104,.F.);
#3274=ADVANCED_FACE('',(#2958),#25,.F.);
#3275=ADVANCED_FACE('',(#2959),#3105,.T.);
#3276=ADVANCED_FACE('',(#2960),#70,.T.);
#3277=ADVANCED_FACE('',(#2961),#71,.F.);
#3278=ADVANCED_FACE('',(#2962),#3106,.F.);
#3279=ADVANCED_FACE('',(#2963),#3107,.F.);
#3280=ADVANCED_FACE('',(#2964,#2965),#72,.F.);
#3281=ADVANCED_FACE('',(#2966),#3108,.F.);
#3282=ADVANCED_FACE('',(#2967,#2968),#3109,.T.);
#3283=ADVANCED_FACE('',(#2969,#2970),#3110,.F.);
#3284=ADVANCED_FACE('',(#2971),#3111,.F.);
#3285=ADVANCED_FACE('',(#2972),#3112,.T.);
#3286=ADVANCED_FACE('',(#2973),#73,.T.);
#3287=ADVANCED_FACE('',(#2974),#74,.F.);
#3288=ADVANCED_FACE('',(#2975),#3113,.F.);
#3289=ADVANCED_FACE('',(#2976),#3114,.T.);
#3290=ADVANCED_FACE('',(#2977),#75,.T.);
#3291=ADVANCED_FACE('',(#2978),#76,.F.);
#3292=ADVANCED_FACE('',(#2979),#3115,.F.);
#3293=ADVANCED_FACE('',(#2980),#3116,.F.);
#3294=ADVANCED_FACE('',(#2981,#2982),#77,.F.);
#3295=ADVANCED_FACE('',(#2983),#3117,.F.);
#3296=ADVANCED_FACE('',(#2984,#2985),#3118,.T.);
#3297=ADVANCED_FACE('',(#2986,#2987),#3119,.F.);
#3298=ADVANCED_FACE('',(#2988),#3120,.F.);
#3299=ADVANCED_FACE('',(#2989),#3121,.F.);
#3300=ADVANCED_FACE('',(#2990),#3122,.T.);
#3301=ADVANCED_FACE('',(#2991),#78,.T.);
#3302=ADVANCED_FACE('',(#2992),#79,.F.);
#3303=ADVANCED_FACE('',(#2993),#3123,.F.);
#3304=ADVANCED_FACE('',(#2994),#3124,.F.);
#3305=ADVANCED_FACE('',(#2995,#2996),#80,.F.);
#3306=ADVANCED_FACE('',(#2997),#3125,.F.);
#3307=ADVANCED_FACE('',(#2998,#2999),#3126,.T.);
#3308=ADVANCED_FACE('',(#3000,#3001),#3127,.F.);
#3309=ADVANCED_FACE('',(#3002),#3128,.F.);
#3310=ADVANCED_FACE('',(#3003),#3129,.F.);
#3311=ADVANCED_FACE('',(#3004),#3130,.T.);
#3312=ADVANCED_FACE('',(#3005),#81,.T.);
#3313=ADVANCED_FACE('',(#3006),#82,.F.);
#3314=CLOSED_SHELL('',(#3131,#3132,#3133,#3134,#3135,#3136,#3137,#3138,
#3139,#3140,#3141,#3142,#3143,#3144,#3145,#3146,#3147,#3148,#3149,#3150,
#3151,#3152,#3153,#3154,#3155,#3156,#3157,#3158,#3159,#3160,#3161,#3162,
#3163,#3164,#3165,#3166,#3167,#3168,#3169,#3170,#3171,#3172,#3173,#3174,
#3175,#3176,#3177,#3178,#3179,#3180,#3181,#3182,#3183,#3184,#3185,#3186,
#3187,#3188,#3189,#3190,#3191,#3192,#3193,#3194,#3195,#3196,#3197,#3198,
#3199,#3200,#3201,#3202,#3203,#3204,#3205,#3206,#3207,#3208,#3209,#3210,
#3211,#3212,#3213,#3214,#3215,#3216,#3217,#3218,#3219,#3220,#3221,#3222,
#3223,#3224,#3225,#3226,#3227,#3228,#3229,#3230,#3231,#3232,#3233,#3234,
#3235,#3236,#3237,#3238,#3239,#3240,#3241,#3242,#3243,#3244,#3245,#3246,
#3247,#3248,#3249,#3250,#3251,#3252,#3253,#3254,#3255,#3256,#3257,#3258,
#3259,#3260,#3261,#3262,#3263,#3264,#3265,#3266,#3267,#3268,#3269,#3270,
#3271,#3272,#3273,#3274,#3275,#3276,#3277,#3278,#3279,#3280,#3281,#3282,
#3283,#3284,#3285,#3286,#3287,#3288,#3289,#3290,#3291,#3292,#3293,#3294,
#3295,#3296,#3297,#3298,#3299,#3300,#3301,#3302,#3303,#3304,#3305,#3306,
#3307,#3308,#3309,#3310,#3311,#3312,#3313));
#3315=STYLED_ITEM('',(#3316),#3323);
#3316=PRESENTATION_STYLE_ASSIGNMENT((#3317));
#3317=SURFACE_STYLE_USAGE(.BOTH.,#3318);
#3318=SURFACE_SIDE_STYLE('',(#3319));
#3319=SURFACE_STYLE_FILL_AREA(#3320);
#3320=FILL_AREA_STYLE('',(#3321));
#3321=FILL_AREA_STYLE_COLOUR('',#3322);
#3322=COLOUR_RGB('',0.6,0.580392156862745,0.529411764705882);
#3323=MANIFOLD_SOLID_BREP('or.sheetmetal.base',#3314);
#3324=SHAPE_DEFINITION_REPRESENTATION(#5624,#3325);
#3325=SHAPE_REPRESENTATION('or.sheetmetal.base',(#3326),#5619);
#3326=AXIS2_PLACEMENT_3D('',#4536,#3618,#3619);
#3327=AXIS2_PLACEMENT_3D('',#4537,#3620,#3621);
#3328=AXIS2_PLACEMENT_3D('',#4546,#3626,#3627);
#3329=AXIS2_PLACEMENT_3D('',#4555,#3632,#3633);
#3330=AXIS2_PLACEMENT_3D('',#4564,#3638,#3639);
#3331=AXIS2_PLACEMENT_3D('',#4568,#3641,#3642);
#3332=AXIS2_PLACEMENT_3D('',#4583,#3650,#3651);
#3333=AXIS2_PLACEMENT_3D('',#4591,#3655,#3656);
#3334=AXIS2_PLACEMENT_3D('',#4606,#3664,#3665);
#3335=AXIS2_PLACEMENT_3D('',#4611,#3668,#3669);
#3336=AXIS2_PLACEMENT_3D('',#4613,#3670,#3671);
#3337=AXIS2_PLACEMENT_3D('',#4615,#3672,#3673);
#3338=AXIS2_PLACEMENT_3D('',#4617,#3674,#3675);
#3339=AXIS2_PLACEMENT_3D('',#4619,#3676,#3677);
#3340=AXIS2_PLACEMENT_3D('',#4621,#3678,#3679);
#3341=AXIS2_PLACEMENT_3D('',#4623,#3680,#3681);
#3342=AXIS2_PLACEMENT_3D('',#4625,#3682,#3683);
#3343=AXIS2_PLACEMENT_3D('',#4627,#3684,#3685);
#3344=AXIS2_PLACEMENT_3D('',#4629,#3686,#3687);
#3345=AXIS2_PLACEMENT_3D('',#4642,#3693,#3694);
#3346=AXIS2_PLACEMENT_3D('',#4660,#3703,#3704);
#3347=AXIS2_PLACEMENT_3D('',#4664,#3706,#3707);
#3348=AXIS2_PLACEMENT_3D('',#4678,#3715,#3716);
#3349=AXIS2_PLACEMENT_3D('',#4686,#3720,#3721);
#3350=AXIS2_PLACEMENT_3D('',#4701,#3729,#3730);
#3351=AXIS2_PLACEMENT_3D('',#4707,#3733,#3734);
#3352=AXIS2_PLACEMENT_3D('',#4722,#3742,#3743);
#3353=AXIS2_PLACEMENT_3D('',#4726,#3745,#3746);
#3354=AXIS2_PLACEMENT_3D('',#4744,#3755,#3756);
#3355=AXIS2_PLACEMENT_3D('',#4751,#3760,#3761);
#3356=AXIS2_PLACEMENT_3D('',#4753,#3762,#3763);
#3357=AXIS2_PLACEMENT_3D('',#4755,#3764,#3765);
#3358=AXIS2_PLACEMENT_3D('',#4757,#3766,#3767);
#3359=AXIS2_PLACEMENT_3D('',#4759,#3768,#3769);
#3360=AXIS2_PLACEMENT_3D('',#4761,#3770,#3771);
#3361=AXIS2_PLACEMENT_3D('',#4763,#3772,#3773);
#3362=AXIS2_PLACEMENT_3D('',#4765,#3774,#3775);
#3363=AXIS2_PLACEMENT_3D('',#4767,#3776,#3777);
#3364=AXIS2_PLACEMENT_3D('',#4776,#3781,#3782);
#3365=AXIS2_PLACEMENT_3D('',#4791,#3790,#3791);
#3366=AXIS2_PLACEMENT_3D('',#4792,#3792,#3793);
#3367=AXIS2_PLACEMENT_3D('',#4795,#3796,#3797);
#3368=AXIS2_PLACEMENT_3D('',#4798,#3800,#3801);
#3369=AXIS2_PLACEMENT_3D('',#4800,#3803,#3804);
#3370=AXIS2_PLACEMENT_3D('',#4803,#3807,#3808);
#3371=AXIS2_PLACEMENT_3D('',#4805,#3810,#3811);
#3372=AXIS2_PLACEMENT_3D('',#4807,#3813,#3814);
#3373=AXIS2_PLACEMENT_3D('',#4809,#3816,#3817);
#3374=AXIS2_PLACEMENT_3D('',#4811,#3819,#3820);
#3375=AXIS2_PLACEMENT_3D('',#4813,#3822,#3823);
#3376=AXIS2_PLACEMENT_3D('',#4815,#3825,#3826);
#3377=AXIS2_PLACEMENT_3D('',#4817,#3828,#3829);
#3378=AXIS2_PLACEMENT_3D('',#4819,#3831,#3832);
#3379=AXIS2_PLACEMENT_3D('',#4821,#3834,#3835);
#3380=AXIS2_PLACEMENT_3D('',#4823,#3837,#3838);
#3381=AXIS2_PLACEMENT_3D('',#4825,#3840,#3841);
#3382=AXIS2_PLACEMENT_3D('',#4827,#3843,#3844);
#3383=AXIS2_PLACEMENT_3D('',#4829,#3846,#3847);
#3384=AXIS2_PLACEMENT_3D('',#4831,#3849,#3850);
#3385=AXIS2_PLACEMENT_3D('',#4832,#3851,#3852);
#3386=AXIS2_PLACEMENT_3D('',#4833,#3853,#3854);
#3387=AXIS2_PLACEMENT_3D('',#4834,#3855,#3856);
#3388=AXIS2_PLACEMENT_3D('',#4835,#3857,#3858);
#3389=AXIS2_PLACEMENT_3D('',#4836,#3859,#3860);
#3390=AXIS2_PLACEMENT_3D('',#4837,#3861,#3862);
#3391=AXIS2_PLACEMENT_3D('',#4838,#3863,#3864);
#3392=AXIS2_PLACEMENT_3D('',#4839,#3865,#3866);
#3393=AXIS2_PLACEMENT_3D('',#4840,#3867,#3868);
#3394=AXIS2_PLACEMENT_3D('',#4841,#3869,#3870);
#3395=AXIS2_PLACEMENT_3D('',#4843,#3872,#3873);
#3396=AXIS2_PLACEMENT_3D('',#4844,#3874,#3875);
#3397=AXIS2_PLACEMENT_3D('',#4845,#3876,#3877);
#3398=AXIS2_PLACEMENT_3D('',#4848,#3880,#3881);
#3399=AXIS2_PLACEMENT_3D('',#4850,#3883,#3884);
#3400=AXIS2_PLACEMENT_3D('',#4852,#3886,#3887);
#3401=AXIS2_PLACEMENT_3D('',#4853,#3888,#3889);
#3402=AXIS2_PLACEMENT_3D('',#4855,#3891,#3892);
#3403=AXIS2_PLACEMENT_3D('',#4857,#3894,#3895);
#3404=AXIS2_PLACEMENT_3D('',#4859,#3897,#3898);
#3405=AXIS2_PLACEMENT_3D('',#4862,#3901,#3902);
#3406=AXIS2_PLACEMENT_3D('',#4864,#3904,#3905);
#3407=AXIS2_PLACEMENT_3D('',#4866,#3907,#3908);
#3408=AXIS2_PLACEMENT_3D('',#4867,#3909,#3910);
#3409=AXIS2_PLACEMENT_3D('',#4870,#3913,#3914);
#3410=AXIS2_PLACEMENT_3D('',#4873,#3917,#3918);
#3411=AXIS2_PLACEMENT_3D('',#4874,#3919,#3920);
#3412=AXIS2_PLACEMENT_3D('',#4875,#3921,#3922);
#3413=AXIS2_PLACEMENT_3D('',#4878,#3925,#3926);
#3414=AXIS2_PLACEMENT_3D('',#4881,#3929,#3930);
#3415=AXIS2_PLACEMENT_3D('',#4882,#3931,#3932);
#3416=AXIS2_PLACEMENT_3D('',#4883,#3933,#3934);
#3417=AXIS2_PLACEMENT_3D('',#4886,#3937,#3938);
#3418=AXIS2_PLACEMENT_3D('',#4888,#3940,#3941);
#3419=AXIS2_PLACEMENT_3D('',#4889,#3942,#3943);
#3420=AXIS2_PLACEMENT_3D('',#4898,#3948,#3949);
#3421=AXIS2_PLACEMENT_3D('',#4907,#3954,#3955);
#3422=AXIS2_PLACEMENT_3D('',#4916,#3960,#3961);
#3423=AXIS2_PLACEMENT_3D('',#4922,#3965,#3966);
#3424=AXIS2_PLACEMENT_3D('',#4931,#3971,#3972);
#3425=AXIS2_PLACEMENT_3D('',#4940,#3977,#3978);
#3426=AXIS2_PLACEMENT_3D('',#4946,#3982,#3983);
#3427=AXIS2_PLACEMENT_3D('',#4955,#3988,#3989);
#3428=AXIS2_PLACEMENT_3D('',#4961,#3993,#3994);
#3429=AXIS2_PLACEMENT_3D('',#4967,#3998,#3999);
#3430=AXIS2_PLACEMENT_3D('',#4973,#4003,#4004);
#3431=AXIS2_PLACEMENT_3D('',#4979,#4008,#4009);
#3432=AXIS2_PLACEMENT_3D('',#4980,#4010,#4011);
#3433=AXIS2_PLACEMENT_3D('',#4982,#4012,#4013);
#3434=AXIS2_PLACEMENT_3D('',#4984,#4014,#4015);
#3435=AXIS2_PLACEMENT_3D('',#4985,#4016,#4017);
#3436=AXIS2_PLACEMENT_3D('',#4987,#4018,#4019);
#3437=AXIS2_PLACEMENT_3D('',#4989,#4020,#4021);
#3438=AXIS2_PLACEMENT_3D('',#4992,#4024,#4025);
#3439=AXIS2_PLACEMENT_3D('',#4993,#4026,#4027);
#3440=AXIS2_PLACEMENT_3D('',#4994,#4028,#4029);
#3441=AXIS2_PLACEMENT_3D('',#4996,#4031,#4032);
#3442=AXIS2_PLACEMENT_3D('',#4997,#4033,#4034);
#3443=AXIS2_PLACEMENT_3D('',#4998,#4035,#4036);
#3444=AXIS2_PLACEMENT_3D('',#4999,#4037,#4038);
#3445=AXIS2_PLACEMENT_3D('',#5000,#4039,#4040);
#3446=AXIS2_PLACEMENT_3D('',#5001,#4041,#4042);
#3447=AXIS2_PLACEMENT_3D('',#5003,#4044,#4045);
#3448=AXIS2_PLACEMENT_3D('',#5004,#4046,#4047);
#3449=AXIS2_PLACEMENT_3D('',#5005,#4048,#4049);
#3450=AXIS2_PLACEMENT_3D('',#5006,#4050,#4051);
#3451=AXIS2_PLACEMENT_3D('',#5007,#4052,#4053);
#3452=AXIS2_PLACEMENT_3D('',#5008,#4054,#4055);
#3453=AXIS2_PLACEMENT_3D('',#5010,#4057,#4058);
#3454=AXIS2_PLACEMENT_3D('',#5011,#4059,#4060);
#3455=AXIS2_PLACEMENT_3D('',#5012,#4061,#4062);
#3456=AXIS2_PLACEMENT_3D('',#5013,#4063,#4064);
#3457=AXIS2_PLACEMENT_3D('',#5015,#4066,#4067);
#3458=AXIS2_PLACEMENT_3D('',#5016,#4068,#4069);
#3459=AXIS2_PLACEMENT_3D('',#5017,#4070,#4071);
#3460=AXIS2_PLACEMENT_3D('',#5018,#4072,#4073);
#3461=AXIS2_PLACEMENT_3D('',#5027,#4078,#4079);
#3462=AXIS2_PLACEMENT_3D('',#5032,#4082,#4083);
#3463=AXIS2_PLACEMENT_3D('',#5050,#4092,#4093);
#3464=AXIS2_PLACEMENT_3D('',#5051,#4094,#4095);
#3465=AXIS2_PLACEMENT_3D('',#5053,#4096,#4097);
#3466=AXIS2_PLACEMENT_3D('',#5055,#4098,#4099);
#3467=AXIS2_PLACEMENT_3D('',#5057,#4100,#4101);
#3468=AXIS2_PLACEMENT_3D('',#5060,#4103,#4104);
#3469=AXIS2_PLACEMENT_3D('',#5078,#4113,#4114);
#3470=AXIS2_PLACEMENT_3D('',#5081,#4116,#4117);
#3471=AXIS2_PLACEMENT_3D('',#5083,#4118,#4119);
#3472=AXIS2_PLACEMENT_3D('',#5085,#4120,#4121);
#3473=AXIS2_PLACEMENT_3D('',#5087,#4122,#4123);
#3474=AXIS2_PLACEMENT_3D('',#5090,#4126,#4127);
#3475=AXIS2_PLACEMENT_3D('',#5092,#4129,#4130);
#3476=AXIS2_PLACEMENT_3D('',#5095,#4133,#4134);
#3477=AXIS2_PLACEMENT_3D('',#5096,#4135,#4136);
#3478=AXIS2_PLACEMENT_3D('',#5097,#4137,#4138);
#3479=AXIS2_PLACEMENT_3D('',#5098,#4139,#4140);
#3480=AXIS2_PLACEMENT_3D('',#5101,#4143,#4144);
#3481=AXIS2_PLACEMENT_3D('',#5103,#4146,#4147);
#3482=AXIS2_PLACEMENT_3D('',#5104,#4148,#4149);
#3483=AXIS2_PLACEMENT_3D('',#5106,#4151,#4152);
#3484=AXIS2_PLACEMENT_3D('',#5108,#4154,#4155);
#3485=AXIS2_PLACEMENT_3D('',#5110,#4157,#4158);
#3486=AXIS2_PLACEMENT_3D('',#5119,#4163,#4164);
#3487=AXIS2_PLACEMENT_3D('',#5125,#4168,#4169);
#3488=AXIS2_PLACEMENT_3D('',#5126,#4170,#4171);
#3489=AXIS2_PLACEMENT_3D('',#5128,#4172,#4173);
#3490=AXIS2_PLACEMENT_3D('',#5130,#4174,#4175);
#3491=AXIS2_PLACEMENT_3D('',#5136,#4179,#4180);
#3492=AXIS2_PLACEMENT_3D('',#5138,#4182,#4183);
#3493=AXIS2_PLACEMENT_3D('',#5140,#4185,#4186);
#3494=AXIS2_PLACEMENT_3D('',#5141,#4187,#4188);
#3495=AXIS2_PLACEMENT_3D('',#5142,#4189,#4190);
#3496=AXIS2_PLACEMENT_3D('',#5218,#4191,#4192);
#3497=AXIS2_PLACEMENT_3D('',#5219,#4193,#4194);
#3498=AXIS2_PLACEMENT_3D('',#5220,#4195,#4196);
#3499=AXIS2_PLACEMENT_3D('',#5229,#4201,#4202);
#3500=AXIS2_PLACEMENT_3D('',#5235,#4206,#4207);
#3501=AXIS2_PLACEMENT_3D('',#5236,#4208,#4209);
#3502=AXIS2_PLACEMENT_3D('',#5238,#4210,#4211);
#3503=AXIS2_PLACEMENT_3D('',#5240,#4212,#4213);
#3504=AXIS2_PLACEMENT_3D('',#5246,#4217,#4218);
#3505=AXIS2_PLACEMENT_3D('',#5248,#4220,#4221);
#3506=AXIS2_PLACEMENT_3D('',#5250,#4223,#4224);
#3507=AXIS2_PLACEMENT_3D('',#5251,#4225,#4226);
#3508=AXIS2_PLACEMENT_3D('',#5252,#4227,#4228);
#3509=AXIS2_PLACEMENT_3D('',#5253,#4229,#4230);
#3510=AXIS2_PLACEMENT_3D('',#5254,#4231,#4232);
#3511=AXIS2_PLACEMENT_3D('',#5255,#4233,#4234);
#3512=AXIS2_PLACEMENT_3D('',#5256,#4235,#4236);
#3513=AXIS2_PLACEMENT_3D('',#5257,#4237,#4238);
#3514=AXIS2_PLACEMENT_3D('',#5258,#4239,#4240);
#3515=AXIS2_PLACEMENT_3D('',#5259,#4241,#4242);
#3516=AXIS2_PLACEMENT_3D('',#5260,#4243,#4244);
#3517=AXIS2_PLACEMENT_3D('',#5261,#4245,#4246);
#3518=AXIS2_PLACEMENT_3D('',#5262,#4247,#4248);
#3519=AXIS2_PLACEMENT_3D('',#5263,#4249,#4250);
#3520=AXIS2_PLACEMENT_3D('',#5264,#4251,#4252);
#3521=AXIS2_PLACEMENT_3D('',#5265,#4253,#4254);
#3522=AXIS2_PLACEMENT_3D('',#5266,#4255,#4256);
#3523=AXIS2_PLACEMENT_3D('',#5275,#4261,#4262);
#3524=AXIS2_PLACEMENT_3D('',#5280,#4265,#4266);
#3525=AXIS2_PLACEMENT_3D('',#5298,#4275,#4276);
#3526=AXIS2_PLACEMENT_3D('',#5299,#4277,#4278);
#3527=AXIS2_PLACEMENT_3D('',#5301,#4279,#4280);
#3528=AXIS2_PLACEMENT_3D('',#5303,#4281,#4282);
#3529=AXIS2_PLACEMENT_3D('',#5305,#4283,#4284);
#3530=AXIS2_PLACEMENT_3D('',#5308,#4286,#4287);
#3531=AXIS2_PLACEMENT_3D('',#5326,#4296,#4297);
#3532=AXIS2_PLACEMENT_3D('',#5329,#4299,#4300);
#3533=AXIS2_PLACEMENT_3D('',#5331,#4301,#4302);
#3534=AXIS2_PLACEMENT_3D('',#5333,#4303,#4304);
#3535=AXIS2_PLACEMENT_3D('',#5335,#4305,#4306);
#3536=AXIS2_PLACEMENT_3D('',#5338,#4309,#4310);
#3537=AXIS2_PLACEMENT_3D('',#5340,#4312,#4313);
#3538=AXIS2_PLACEMENT_3D('',#5343,#4316,#4317);
#3539=AXIS2_PLACEMENT_3D('',#5344,#4318,#4319);
#3540=AXIS2_PLACEMENT_3D('',#5345,#4320,#4321);
#3541=AXIS2_PLACEMENT_3D('',#5346,#4322,#4323);
#3542=AXIS2_PLACEMENT_3D('',#5349,#4326,#4327);
#3543=AXIS2_PLACEMENT_3D('',#5351,#4329,#4330);
#3544=AXIS2_PLACEMENT_3D('',#5352,#4331,#4332);
#3545=AXIS2_PLACEMENT_3D('',#5354,#4334,#4335);
#3546=AXIS2_PLACEMENT_3D('',#5356,#4337,#4338);
#3547=AXIS2_PLACEMENT_3D('',#5358,#4340,#4341);
#3548=AXIS2_PLACEMENT_3D('',#5367,#4346,#4347);
#3549=AXIS2_PLACEMENT_3D('',#5373,#4351,#4352);
#3550=AXIS2_PLACEMENT_3D('',#5374,#4353,#4354);
#3551=AXIS2_PLACEMENT_3D('',#5376,#4355,#4356);
#3552=AXIS2_PLACEMENT_3D('',#5378,#4357,#4358);
#3553=AXIS2_PLACEMENT_3D('',#5384,#4362,#4363);
#3554=AXIS2_PLACEMENT_3D('',#5386,#4365,#4366);
#3555=AXIS2_PLACEMENT_3D('',#5479,#4368,#4369);
#3556=AXIS2_PLACEMENT_3D('',#5480,#4370,#4371);
#3557=AXIS2_PLACEMENT_3D('',#5481,#4372,#4373);
#3558=AXIS2_PLACEMENT_3D('',#5482,#4374,#4375);
#3559=AXIS2_PLACEMENT_3D('',#5483,#4376,#4377);
#3560=AXIS2_PLACEMENT_3D('',#5484,#4378,#4379);
#3561=AXIS2_PLACEMENT_3D('',#5493,#4384,#4385);
#3562=AXIS2_PLACEMENT_3D('',#5499,#4389,#4390);
#3563=AXIS2_PLACEMENT_3D('',#5500,#4391,#4392);
#3564=AXIS2_PLACEMENT_3D('',#5502,#4393,#4394);
#3565=AXIS2_PLACEMENT_3D('',#5504,#4395,#4396);
#3566=AXIS2_PLACEMENT_3D('',#5510,#4400,#4401);
#3567=AXIS2_PLACEMENT_3D('',#5512,#4403,#4404);
#3568=AXIS2_PLACEMENT_3D('',#5514,#4406,#4407);
#3569=AXIS2_PLACEMENT_3D('',#5515,#4408,#4409);
#3570=AXIS2_PLACEMENT_3D('',#5516,#4410,#4411);
#3571=AXIS2_PLACEMENT_3D('',#5517,#4412,#4413);
#3572=AXIS2_PLACEMENT_3D('',#5518,#4414,#4415);
#3573=AXIS2_PLACEMENT_3D('',#5519,#4416,#4417);
#3574=AXIS2_PLACEMENT_3D('',#5520,#4418,#4419);
#3575=AXIS2_PLACEMENT_3D('',#5521,#4420,#4421);
#3576=AXIS2_PLACEMENT_3D('',#5522,#4422,#4423);
#3577=AXIS2_PLACEMENT_3D('',#5523,#4424,#4425);
#3578=AXIS2_PLACEMENT_3D('',#5524,#4426,#4427);
#3579=AXIS2_PLACEMENT_3D('',#5525,#4428,#4429);
#3580=AXIS2_PLACEMENT_3D('',#5526,#4430,#4431);
#3581=AXIS2_PLACEMENT_3D('',#5527,#4432,#4433);
#3582=AXIS2_PLACEMENT_3D('',#5528,#4434,#4435);
#3583=AXIS2_PLACEMENT_3D('',#5529,#4436,#4437);
#3584=AXIS2_PLACEMENT_3D('',#5530,#4438,#4439);
#3585=AXIS2_PLACEMENT_3D('',#5539,#4444,#4445);
#3586=AXIS2_PLACEMENT_3D('',#5548,#4450,#4451);
#3587=AXIS2_PLACEMENT_3D('',#5549,#4452,#4453);
#3588=AXIS2_PLACEMENT_3D('',#5551,#4454,#4455);
#3589=AXIS2_PLACEMENT_3D('',#5553,#4456,#4457);
#3590=AXIS2_PLACEMENT_3D('',#5559,#4461,#4462);
#3591=AXIS2_PLACEMENT_3D('',#5562,#4465,#4466);
#3592=AXIS2_PLACEMENT_3D('',#5565,#4469,#4470);
#3593=AXIS2_PLACEMENT_3D('',#5566,#4471,#4472);
#3594=AXIS2_PLACEMENT_3D('',#5567,#4473,#4474);
#3595=AXIS2_PLACEMENT_3D('',#5568,#4475,#4476);
#3596=AXIS2_PLACEMENT_3D('',#5569,#4477,#4478);
#3597=AXIS2_PLACEMENT_3D('',#5570,#4479,#4480);
#3598=AXIS2_PLACEMENT_3D('',#5571,#4481,#4482);
#3599=AXIS2_PLACEMENT_3D('',#5572,#4483,#4484);
#3600=AXIS2_PLACEMENT_3D('',#5573,#4485,#4486);
#3601=AXIS2_PLACEMENT_3D('',#5574,#4487,#4488);
#3602=AXIS2_PLACEMENT_3D('',#5583,#4493,#4494);
#3603=AXIS2_PLACEMENT_3D('',#5589,#4498,#4499);
#3604=AXIS2_PLACEMENT_3D('',#5590,#4500,#4501);
#3605=AXIS2_PLACEMENT_3D('',#5592,#4502,#4503);
#3606=AXIS2_PLACEMENT_3D('',#5594,#4504,#4505);
#3607=AXIS2_PLACEMENT_3D('',#5603,#4510,#4511);
#3608=AXIS2_PLACEMENT_3D('',#5606,#4514,#4515);
#3609=AXIS2_PLACEMENT_3D('',#5609,#4518,#4519);
#3610=AXIS2_PLACEMENT_3D('',#5610,#4520,#4521);
#3611=AXIS2_PLACEMENT_3D('',#5611,#4522,#4523);
#3612=AXIS2_PLACEMENT_3D('',#5612,#4524,#4525);
#3613=AXIS2_PLACEMENT_3D('',#5613,#4526,#4527);
#3614=AXIS2_PLACEMENT_3D('',#5614,#4528,#4529);
#3615=AXIS2_PLACEMENT_3D('',#5615,#4530,#4531);
#3616=AXIS2_PLACEMENT_3D('',#5616,#4532,#4533);
#3617=AXIS2_PLACEMENT_3D('',#5617,#4534,#4535);
#3618=DIRECTION('',(0.,0.,1.));
#3619=DIRECTION('',(1.,0.,0.));
#3620=DIRECTION('',(1.,1.7347234759768E-16,0.));
#3621=DIRECTION('',(-1.7347234759768E-16,1.,0.));
#3622=DIRECTION('',(0.,1.,0.));
#3623=DIRECTION('',(0.,0.,-1.));
#3624=DIRECTION('',(-1.7347234759768E-16,1.,0.));
#3625=DIRECTION('',(0.,0.,1.));
#3626=DIRECTION('',(1.,1.73472347597681E-16,0.));
#3627=DIRECTION('',(-1.73472347597681E-16,1.,0.));
#3628=DIRECTION('',(0.,1.,0.));
#3629=DIRECTION('',(0.,0.,-1.));
#3630=DIRECTION('',(-1.73472347597681E-16,1.,0.));
#3631=DIRECTION('',(0.,0.,1.));
#3632=DIRECTION('',(1.,0.,0.));
#3633=DIRECTION('',(0.,1.,0.));
#3634=DIRECTION('',(0.,1.,0.));
#3635=DIRECTION('',(0.,0.,1.));
#3636=DIRECTION('',(0.,1.,0.));
#3637=DIRECTION('',(0.,0.,1.));
#3638=DIRECTION('',(0.,0.,1.));
#3639=DIRECTION('',(1.,0.,0.));
#3640=DIRECTION('',(0.,1.,0.));
#3641=DIRECTION('',(0.,0.,1.));
#3642=DIRECTION('',(1.,0.,0.));
#3643=DIRECTION('',(0.,-1.,0.));
#3644=DIRECTION('',(-1.,0.,0.));
#3645=DIRECTION('',(-2.60208521396521E-16,1.,0.));
#3646=DIRECTION('',(1.,0.,0.));
#3647=DIRECTION('',(0.707106781186548,-0.707106781186548,0.));
#3648=DIRECTION('',(1.,0.,0.));
#3649=DIRECTION('',(0.,-1.,0.));
#3650=DIRECTION('',(0.,0.,1.));
#3651=DIRECTION('',(1.,0.,0.));
#3652=DIRECTION('',(0.,1.,0.));
#3653=DIRECTION('',(1.,0.,0.));
#3654=DIRECTION('',(0.,1.,0.));
#3655=DIRECTION('',(0.,0.,1.));
#3656=DIRECTION('',(1.,0.,0.));
#3657=DIRECTION('',(0.,-1.,0.));
#3658=DIRECTION('',(-1.,0.,0.));
#3659=DIRECTION('',(-3.46944695195362E-16,1.,0.));
#3660=DIRECTION('',(0.707106781186548,0.707106781186548,0.));
#3661=DIRECTION('',(-1.,0.,0.));
#3662=DIRECTION('',(1.,0.,0.));
#3663=DIRECTION('',(0.,-1.,0.));
#3664=DIRECTION('',(0.,0.,1.));
#3665=DIRECTION('',(1.,0.,0.));
#3666=DIRECTION('',(0.,1.,0.));
#3667=DIRECTION('',(-1.,0.,0.));
#3668=DIRECTION('',(0.,0.,1.));
#3669=DIRECTION('',(1.,0.,0.));
#3670=DIRECTION('',(0.,0.,1.));
#3671=DIRECTION('',(1.,0.,0.));
#3672=DIRECTION('',(0.,0.,1.));
#3673=DIRECTION('',(1.,0.,0.));
#3674=DIRECTION('',(0.,0.,1.));
#3675=DIRECTION('',(1.,0.,0.));
#3676=DIRECTION('',(0.,0.,1.));
#3677=DIRECTION('',(1.,0.,0.));
#3678=DIRECTION('',(0.,0.,1.));
#3679=DIRECTION('',(1.,0.,0.));
#3680=DIRECTION('',(0.,0.,1.));
#3681=DIRECTION('',(1.,0.,0.));
#3682=DIRECTION('',(0.,0.,1.));
#3683=DIRECTION('',(1.,0.,0.));
#3684=DIRECTION('',(0.,0.,1.));
#3685=DIRECTION('',(1.,0.,0.));
#3686=DIRECTION('',(0.,0.,1.));
#3687=DIRECTION('',(1.,0.,0.));
#3688=DIRECTION('',(1.,0.,0.));
#3689=DIRECTION('',(0.,1.,0.));
#3690=DIRECTION('',(-1.,0.,0.));
#3691=DIRECTION('',(1.19411303010116E-16,-1.,0.));
#3692=DIRECTION('',(-1.,0.,0.));
#3693=DIRECTION('',(0.,0.,1.));
#3694=DIRECTION('',(1.,0.,0.));
#3695=DIRECTION('',(1.,0.,0.));
#3696=DIRECTION('',(1.19411303010116E-16,-1.,0.));
#3697=DIRECTION('',(-1.,0.,0.));
#3698=DIRECTION('',(0.,-1.,0.));
#3699=DIRECTION('',(-0.707106781186553,0.707106781186543,0.));
#3700=DIRECTION('',(1.,0.,0.));
#3701=DIRECTION('',(0.707106781186548,-0.707106781186548,0.));
#3702=DIRECTION('',(1.33721051765828E-16,-1.,0.));
#3703=DIRECTION('',(0.,0.,1.));
#3704=DIRECTION('',(1.,0.,0.));
#3705=DIRECTION('',(1.,0.,0.));
#3706=DIRECTION('',(0.,0.,1.));
#3707=DIRECTION('',(1.,0.,0.));
#3708=DIRECTION('',(0.,1.,0.));
#3709=DIRECTION('',(0.707106781186548,0.707106781186548,0.));
#3710=DIRECTION('',(-1.,0.,0.));
#3711=DIRECTION('',(-0.707106781186548,-0.707106781186548,0.));
#3712=DIRECTION('',(0.,1.,0.));
#3713=DIRECTION('',(-1.,0.,0.));
#3714=DIRECTION('',(-1.,0.,0.));
#3715=DIRECTION('',(0.,0.,1.));
#3716=DIRECTION('',(1.,0.,0.));
#3717=DIRECTION('',(0.,-1.,0.));
#3718=DIRECTION('',(-1.,0.,0.));
#3719=DIRECTION('',(0.,-1.,0.));
#3720=DIRECTION('',(0.,0.,1.));
#3721=DIRECTION('',(-1.,0.,0.));
#3722=DIRECTION('',(0.,1.,0.));
#3723=DIRECTION('',(-1.,0.,0.));
#3724=DIRECTION('',(1.,0.,0.));
#3725=DIRECTION('',(-0.707106781186548,-0.707106781186548,0.));
#3726=DIRECTION('',(0.,1.,0.));
#3727=DIRECTION('',(1.,0.,0.));
#3728=DIRECTION('',(0.,1.,0.));
#3729=DIRECTION('',(0.,0.,1.));
#3730=DIRECTION('',(-1.,0.,0.));
#3731=DIRECTION('',(0.,1.,0.));
#3732=DIRECTION('',(-1.,0.,0.));
#3733=DIRECTION('',(0.,0.,1.));
#3734=DIRECTION('',(-1.,0.,0.));
#3735=DIRECTION('',(1.,0.,0.));
#3736=DIRECTION('',(1.,0.,0.));
#3737=DIRECTION('',(0.,1.,0.));
#3738=DIRECTION('',(-0.707106781186548,-0.707106781186548,0.));
#3739=DIRECTION('',(1.,0.,0.));
#3740=DIRECTION('',(0.707106781186548,0.707106781186548,0.));
#3741=DIRECTION('',(0.,1.,0.));
#3742=DIRECTION('',(0.,0.,1.));
#3743=DIRECTION('',(1.,0.,0.));
#3744=DIRECTION('',(1.,0.,0.));
#3745=DIRECTION('',(0.,0.,1.));
#3746=DIRECTION('',(1.,0.,0.));
#3747=DIRECTION('',(0.,1.,0.));
#3748=DIRECTION('',(0.707106781186548,-0.707106781186548,0.));
#3749=DIRECTION('',(1.,0.,0.));
#3750=DIRECTION('',(-0.707106781186553,0.707106781186543,0.));
#3751=DIRECTION('',(0.,1.,0.));
#3752=DIRECTION('',(1.,0.,0.));
#3753=DIRECTION('',(0.,1.,0.));
#3754=DIRECTION('',(-1.,0.,0.));
#3755=DIRECTION('',(0.,0.,1.));
#3756=DIRECTION('',(-1.,0.,0.));
#3757=DIRECTION('',(1.,0.,0.));
#3758=DIRECTION('',(1.19411303010116E-16,-1.,0.));
#3759=DIRECTION('',(-1.,0.,0.));
#3760=DIRECTION('',(0.,0.,1.));
#3761=DIRECTION('',(1.,0.,0.));
#3762=DIRECTION('',(0.,0.,1.));
#3763=DIRECTION('',(1.,0.,0.));
#3764=DIRECTION('',(0.,0.,1.));
#3765=DIRECTION('',(1.,0.,0.));
#3766=DIRECTION('',(0.,0.,1.));
#3767=DIRECTION('',(1.,0.,0.));
#3768=DIRECTION('',(0.,0.,1.));
#3769=DIRECTION('',(1.,0.,0.));
#3770=DIRECTION('',(0.,0.,1.));
#3771=DIRECTION('',(1.,0.,0.));
#3772=DIRECTION('',(0.,0.,1.));
#3773=DIRECTION('',(1.,0.,0.));
#3774=DIRECTION('',(0.,0.,1.));
#3775=DIRECTION('',(1.,0.,0.));
#3776=DIRECTION('',(0.,0.,1.));
#3777=DIRECTION('',(1.,0.,0.));
#3778=DIRECTION('',(0.,-1.,0.));
#3779=DIRECTION('',(1.,0.,0.));
#3780=DIRECTION('',(0.,-1.,0.));
#3781=DIRECTION('',(0.,0.,1.));
#3782=DIRECTION('',(-1.,0.,0.));
#3783=DIRECTION('',(0.,1.,0.));
#3784=DIRECTION('',(-1.,0.,0.));
#3785=DIRECTION('',(-0.707106781186548,0.707106781186548,0.));
#3786=DIRECTION('',(1.,0.,0.));
#3787=DIRECTION('',(0.,1.,0.));
#3788=DIRECTION('',(1.,0.,0.));
#3789=DIRECTION('',(0.,1.,0.));
#3790=DIRECTION('',(0.,0.,1.));
#3791=DIRECTION('',(-1.,0.,0.));
#3792=DIRECTION('',(0.,-1.,0.));
#3793=DIRECTION('',(1.,0.,0.));
#3794=DIRECTION('',(0.,0.,1.));
#3795=DIRECTION('',(0.,0.,1.));
#3796=DIRECTION('',(1.,3.46944695195362E-16,0.));
#3797=DIRECTION('',(-3.46944695195362E-16,1.,0.));
#3798=DIRECTION('',(0.,0.,1.));
#3799=DIRECTION('',(0.,0.,1.));
#3800=DIRECTION('',(0.,1.,0.));
#3801=DIRECTION('',(-1.,0.,0.));
#3802=DIRECTION('',(0.,0.,1.));
#3803=DIRECTION('',(-1.,-1.19411303010116E-16,0.));
#3804=DIRECTION('',(1.19411303010116E-16,-1.,0.));
#3805=DIRECTION('',(0.,0.,1.));
#3806=DIRECTION('',(0.,0.,1.));
#3807=DIRECTION('',(0.,1.,0.));
#3808=DIRECTION('',(-1.,0.,0.));
#3809=DIRECTION('',(0.,0.,1.));
#3810=DIRECTION('',(-1.,0.,0.));
#3811=DIRECTION('',(0.,-1.,0.));
#3812=DIRECTION('',(0.,0.,1.));
#3813=DIRECTION('',(0.707106781186543,0.707106781186553,0.));
#3814=DIRECTION('',(-0.707106781186553,0.707106781186543,0.));
#3815=DIRECTION('',(0.,0.,1.));
#3816=DIRECTION('',(0.,-1.,0.));
#3817=DIRECTION('',(1.,0.,0.));
#3818=DIRECTION('',(0.,0.,1.));
#3819=DIRECTION('',(-0.707106781186548,-0.707106781186548,0.));
#3820=DIRECTION('',(0.707106781186548,-0.707106781186548,0.));
#3821=DIRECTION('',(0.,0.,1.));
#3822=DIRECTION('',(-1.,-1.33721051765828E-16,0.));
#3823=DIRECTION('',(1.33721051765828E-16,-1.,0.));
#3824=DIRECTION('',(0.,0.,1.));
#3825=DIRECTION('',(0.,0.,1.));
#3826=DIRECTION('',(1.,0.,0.));
#3827=DIRECTION('',(0.,0.,1.));
#3828=DIRECTION('',(0.,-1.,0.));
#3829=DIRECTION('',(1.,0.,0.));
#3830=DIRECTION('',(0.,0.,1.));
#3831=DIRECTION('',(0.,0.,1.));
#3832=DIRECTION('',(1.,0.,0.));
#3833=DIRECTION('',(0.,0.,1.));
#3834=DIRECTION('',(1.,0.,0.));
#3835=DIRECTION('',(0.,1.,0.));
#3836=DIRECTION('',(0.,0.,1.));
#3837=DIRECTION('',(0.707106781186548,-0.707106781186548,0.));
#3838=DIRECTION('',(0.707106781186548,0.707106781186548,0.));
#3839=DIRECTION('',(0.,0.,1.));
#3840=DIRECTION('',(0.,1.,0.));
#3841=DIRECTION('',(-1.,0.,0.));
#3842=DIRECTION('',(0.,0.,1.));
#3843=DIRECTION('',(-0.707106781186548,0.707106781186548,0.));
#3844=DIRECTION('',(-0.707106781186548,-0.707106781186548,0.));
#3845=DIRECTION('',(0.,0.,1.));
#3846=DIRECTION('',(1.,0.,0.));
#3847=DIRECTION('',(0.,1.,0.));
#3848=DIRECTION('',(0.,0.,1.));
#3849=DIRECTION('',(0.,1.,0.));
#3850=DIRECTION('',(-1.,0.,0.));
#3851=DIRECTION('',(0.,0.,1.));
#3852=DIRECTION('',(1.,0.,0.));
#3853=DIRECTION('',(0.,0.,1.));
#3854=DIRECTION('',(1.,0.,0.));
#3855=DIRECTION('',(0.,0.,1.));
#3856=DIRECTION('',(1.,0.,0.));
#3857=DIRECTION('',(0.,0.,1.));
#3858=DIRECTION('',(1.,0.,0.));
#3859=DIRECTION('',(0.,0.,1.));
#3860=DIRECTION('',(1.,0.,0.));
#3861=DIRECTION('',(0.,0.,1.));
#3862=DIRECTION('',(1.,0.,0.));
#3863=DIRECTION('',(0.,0.,1.));
#3864=DIRECTION('',(1.,0.,0.));
#3865=DIRECTION('',(0.,0.,1.));
#3866=DIRECTION('',(1.,0.,0.));
#3867=DIRECTION('',(0.,0.,1.));
#3868=DIRECTION('',(1.,0.,0.));
#3869=DIRECTION('',(1.,2.60208521396521E-16,0.));
#3870=DIRECTION('',(-2.60208521396521E-16,1.,0.));
#3871=DIRECTION('',(0.,0.,1.));
#3872=DIRECTION('',(-0.707106781186548,0.707106781186548,0.));
#3873=DIRECTION('',(0.,0.,1.));
#3874=DIRECTION('',(0.707106781186548,0.707106781186548,0.));
#3875=DIRECTION('',(0.,0.,1.));
#3876=DIRECTION('',(1.,0.,0.));
#3877=DIRECTION('',(0.,0.,1.));
#3878=DIRECTION('',(0.,0.,1.));
#3879=DIRECTION('',(0.,0.,-1.));
#3880=DIRECTION('',(0.,0.,-1.));
#3881=DIRECTION('',(1.,0.,0.));
#3882=DIRECTION('',(0.,0.,-1.));
#3883=DIRECTION('',(-1.,0.,0.));
#3884=DIRECTION('',(0.,0.,-1.));
#3885=DIRECTION('',(0.,0.,-1.));
#3886=DIRECTION('',(0.,-1.,0.));
#3887=DIRECTION('',(0.,0.,-1.));
#3888=DIRECTION('',(0.,-1.,0.));
#3889=DIRECTION('',(0.,0.,-1.));
#3890=DIRECTION('',(0.,0.,-1.));
#3891=DIRECTION('',(0.,0.,-1.));
#3892=DIRECTION('',(1.,0.,0.));
#3893=DIRECTION('',(0.,0.,-1.));
#3894=DIRECTION('',(0.,1.,0.));
#3895=DIRECTION('',(0.,0.,1.));
#3896=DIRECTION('',(0.,0.,-1.));
#3897=DIRECTION('',(1.,0.,0.));
#3898=DIRECTION('',(0.,0.,1.));
#3899=DIRECTION('',(0.,0.,-1.));
#3900=DIRECTION('',(0.,0.,-1.));
#3901=DIRECTION('',(0.,0.,-1.));
#3902=DIRECTION('',(1.,0.,0.));
#3903=DIRECTION('',(0.,0.,-1.));
#3904=DIRECTION('',(-1.,0.,0.));
#3905=DIRECTION('',(0.,0.,-1.));
#3906=DIRECTION('',(0.,0.,-1.));
#3907=DIRECTION('',(0.,-1.,0.));
#3908=DIRECTION('',(0.,0.,-1.));
#3909=DIRECTION('',(1.,0.,0.));
#3910=DIRECTION('',(0.,0.,1.));
#3911=DIRECTION('',(0.,0.,-1.));
#3912=DIRECTION('',(0.,0.,1.));
#3913=DIRECTION('',(-1.,0.,0.));
#3914=DIRECTION('',(0.,0.,-1.));
#3915=DIRECTION('',(0.,0.,-1.));
#3916=DIRECTION('',(0.,0.,-1.));
#3917=DIRECTION('',(0.,0.,-1.));
#3918=DIRECTION('',(1.,0.,0.));
#3919=DIRECTION('',(0.,1.,0.));
#3920=DIRECTION('',(0.,0.,1.));
#3921=DIRECTION('',(1.,0.,0.));
#3922=DIRECTION('',(0.,0.,1.));
#3923=DIRECTION('',(0.,0.,-1.));
#3924=DIRECTION('',(0.,0.,-1.));
#3925=DIRECTION('',(-1.,0.,0.));
#3926=DIRECTION('',(0.,0.,-1.));
#3927=DIRECTION('',(0.,0.,-1.));
#3928=DIRECTION('',(0.,0.,-1.));
#3929=DIRECTION('',(0.,0.,-1.));
#3930=DIRECTION('',(1.,0.,0.));
#3931=DIRECTION('',(0.,1.,0.));
#3932=DIRECTION('',(0.,0.,1.));
#3933=DIRECTION('',(0.,-1.,0.));
#3934=DIRECTION('',(0.,0.,-1.));
#3935=DIRECTION('',(0.,0.,-1.));
#3936=DIRECTION('',(0.,0.,-1.));
#3937=DIRECTION('',(0.,0.,-1.));
#3938=DIRECTION('',(1.,0.,0.));
#3939=DIRECTION('',(0.,0.,-1.));
#3940=DIRECTION('',(0.,1.,0.));
#3941=DIRECTION('',(0.,0.,1.));
#3942=DIRECTION('',(0.,0.984807753012208,0.17364817766693));
#3943=DIRECTION('',(-1.,0.,0.));
#3944=DIRECTION('',(1.,0.,0.));
#3945=DIRECTION('',(0.,0.173648177666928,-0.984807753012208));
#3946=DIRECTION('',(1.,0.,0.));
#3947=DIRECTION('',(0.,-0.17364817766693,0.984807753012208));
#3948=DIRECTION('',(0.,0.984807753012208,0.17364817766693));
#3949=DIRECTION('',(-1.,0.,0.));
#3950=DIRECTION('',(1.,0.,0.));
#3951=DIRECTION('',(-6.96278340973045E-18,-0.17364817766693,0.984807753012208));
#3952=DIRECTION('',(-1.,0.,0.));
#3953=DIRECTION('',(0.,-0.17364817766693,0.984807753012208));
#3954=DIRECTION('',(0.993161407121253,0.114975701645966,0.0202733183260704));
#3955=DIRECTION('',(-0.116749387171549,0.978073053725524,0.17246066847573));
#3956=DIRECTION('',(-0.116749387171549,0.978073053725524,0.17246066847573));
#3957=DIRECTION('',(1.04083408558608E-17,0.17364817766693,-0.984807753012208));
#3958=DIRECTION('',(-0.116749387171549,0.978073053725524,0.17246066847573));
#3959=DIRECTION('',(0.,-0.17364817766693,0.984807753012208));
#3960=DIRECTION('',(-0.924784922000053,-0.374709771046858,-0.0660714425706527));
#3961=DIRECTION('',(0.380490273254595,-0.910735361054442,-0.160587216439164));
#3962=DIRECTION('',(0.380490273254595,-0.910735361054442,-0.160587216439164));
#3963=DIRECTION('',(1.97728628192902E-17,0.17364817766693,-0.984807753012208));
#3964=DIRECTION('',(0.380490273254595,-0.910735361054442,-0.160587216439164));
#3965=DIRECTION('',(0.,-0.984807753012208,-0.17364817766693));
#3966=DIRECTION('',(1.,0.,0.));
#3967=DIRECTION('',(1.,0.,0.));
#3968=DIRECTION('',(-1.12871530190391E-18,0.17364817766693,-0.984807753012208));
#3969=DIRECTION('',(1.,0.,0.));
#3970=DIRECTION('',(-6.93889390390723E-18,0.17364817766693,-0.984807753012208));
#3971=DIRECTION('',(0.924784922000053,-0.374709771046858,-0.0660714425706527));
#3972=DIRECTION('',(0.380490273254594,0.910735361054442,0.160587216439164));
#3973=DIRECTION('',(0.380490273254594,0.910735361054442,0.160587216439164));
#3974=DIRECTION('',(-2.27324236505379E-18,0.17364817766693,-0.984807753012208));
#3975=DIRECTION('',(0.380490273254594,0.910735361054442,0.160587216439164));
#3976=DIRECTION('',(0.,-0.17364817766693,0.984807753012208));
#3977=DIRECTION('',(0.993161407121253,-0.114975701645964,-0.0202733183260702));
#3978=DIRECTION('',(0.116749387171548,0.978073053725524,0.17246066847573));
#3979=DIRECTION('',(0.116749387171548,0.978073053725524,0.17246066847573));
#3980=DIRECTION('',(0.,-0.17364817766693,0.984807753012208));
#3981=DIRECTION('',(0.116749387171548,0.978073053725524,0.17246066847573));
#3982=DIRECTION('',(0.,-0.984807753012208,-0.17364817766693));
#3983=DIRECTION('',(1.,0.,0.));
#3984=DIRECTION('',(1.,0.,0.));
#3985=DIRECTION('',(3.46944695195361E-18,0.17364817766693,-0.984807753012208));
#3986=DIRECTION('',(1.,0.,0.));
#3987=DIRECTION('',(0.,-0.17364817766693,0.984807753012208));
#3988=DIRECTION('',(1.,0.,0.));
#3989=DIRECTION('',(0.,0.984807753012208,0.17364817766693));
#3990=DIRECTION('',(0.,0.984807753012208,0.17364817766693));
#3991=DIRECTION('',(0.,-0.17364817766693,0.984807753012208));
#3992=DIRECTION('',(0.,0.984807753012208,0.17364817766693));
#3993=DIRECTION('',(0.,0.984807753012208,0.17364817766693));
#3994=DIRECTION('',(-1.,0.,0.));
#3995=DIRECTION('',(1.,0.,0.));
#3996=DIRECTION('',(0.,-0.17364817766693,0.984807753012208));
#3997=DIRECTION('',(1.,0.,0.));
#3998=DIRECTION('',(0.,0.984807753012208,0.17364817766693));
#3999=DIRECTION('',(-1.,0.,0.));
#4000=DIRECTION('',(0.,0.173648177666928,-0.984807753012208));
#4001=DIRECTION('',(1.,0.,0.));
#4002=DIRECTION('',(1.,0.,0.));
#4003=DIRECTION('',(0.,0.984807753012208,0.17364817766693));
#4004=DIRECTION('',(-1.,0.,0.));
#4005=DIRECTION('',(1.,0.,0.));
#4006=DIRECTION('',(0.,-0.17364817766693,0.984807753012208));
#4007=DIRECTION('',(1.,0.,0.));
#4008=DIRECTION('',(0.,-0.17364817766693,0.984807753012208));
#4009=DIRECTION('',(0.,-0.984807753012208,-0.17364817766693));
#4010=DIRECTION('',(0.,-0.17364817766693,0.984807753012208));
#4011=DIRECTION('',(0.,-0.984807753012208,-0.17364817766693));
#4012=DIRECTION('',(0.,-0.17364817766693,0.984807753012208));
#4013=DIRECTION('',(0.,-0.984807753012208,-0.17364817766693));
#4014=DIRECTION('',(0.,-0.17364817766693,0.984807753012208));
#4015=DIRECTION('',(0.,-0.984807753012208,-0.17364817766693));
#4016=DIRECTION('',(0.,-0.17364817766693,0.984807753012208));
#4017=DIRECTION('',(0.,-0.984807753012208,-0.17364817766693));
#4018=DIRECTION('',(0.,-0.17364817766693,0.984807753012208));
#4019=DIRECTION('',(0.,-0.984807753012208,-0.17364817766693));
#4020=DIRECTION('',(-1.,0.,0.));
#4021=DIRECTION('',(0.,-0.984807753012208,-0.17364817766693));
#4022=DIRECTION('',(0.,0.984807753012208,0.17364817766693));
#4023=DIRECTION('',(0.,-0.984807753012208,-0.17364817766693));
#4024=DIRECTION('',(0.,-0.17364817766693,0.984807753012208));
#4025=DIRECTION('',(1.,0.,0.));
#4026=DIRECTION('',(0.,-0.17364817766693,0.984807753012208));
#4027=DIRECTION('',(0.,-0.984807753012208,-0.17364817766693));
#4028=DIRECTION('',(0.,-0.17364817766693,0.984807753012208));
#4029=DIRECTION('',(0.,-0.984807753012208,-0.17364817766693));
#4030=DIRECTION('',(-1.,0.,0.));
#4031=DIRECTION('',(0.,-0.17364817766693,0.984807753012208));
#4032=DIRECTION('',(0.,-0.984807753012208,-0.17364817766693));
#4033=DIRECTION('',(0.,-0.17364817766693,0.984807753012208));
#4034=DIRECTION('',(0.,-0.984807753012208,-0.17364817766693));
#4035=DIRECTION('',(0.,-0.17364817766693,0.984807753012208));
#4036=DIRECTION('',(1.,0.,0.));
#4037=DIRECTION('',(0.,-0.17364817766693,0.984807753012208));
#4038=DIRECTION('',(0.,-0.984807753012208,-0.17364817766693));
#4039=DIRECTION('',(0.,-0.17364817766693,0.984807753012208));
#4040=DIRECTION('',(0.,-0.984807753012208,-0.17364817766693));
#4041=DIRECTION('',(0.,-0.17364817766693,0.984807753012208));
#4042=DIRECTION('',(0.,-0.984807753012208,-0.17364817766693));
#4043=DIRECTION('',(-1.,0.,0.));
#4044=DIRECTION('',(0.,-0.17364817766693,0.984807753012208));
#4045=DIRECTION('',(0.,-0.984807753012208,-0.17364817766693));
#4046=DIRECTION('',(1.12871530190391E-18,-0.17364817766693,0.984807753012208));
#4047=DIRECTION('',(0.,-0.984807753012208,-0.17364817766693));
#4048=DIRECTION('',(6.93889390390723E-18,-0.17364817766693,0.984807753012208));
#4049=DIRECTION('',(0.,-0.984807753012208,-0.17364817766693));
#4050=DIRECTION('',(6.96278340973045E-18,0.17364817766693,-0.984807753012208));
#4051=DIRECTION('',(0.,0.984807753012208,0.17364817766693));
#4052=DIRECTION('',(3.46944695195361E-18,0.17364817766693,-0.984807753012208));
#4053=DIRECTION('',(0.,0.984807753012208,0.17364817766693));
#4054=DIRECTION('',(1.,0.,0.));
#4055=DIRECTION('',(0.,0.,-1.));
#4056=DIRECTION('',(0.,0.,1.));
#4057=DIRECTION('',(-1.,0.,0.));
#4058=DIRECTION('',(0.,0.,1.));
#4059=DIRECTION('',(-1.,0.,0.));
#4060=DIRECTION('',(0.,0.,1.));
#4061=DIRECTION('',(1.,0.,0.));
#4062=DIRECTION('',(0.,0.,-1.));
#4063=DIRECTION('',(-1.,0.,0.));
#4064=DIRECTION('',(0.,0.,1.));
#4065=DIRECTION('',(0.,0.,-1.));
#4066=DIRECTION('',(-1.,0.,0.));
#4067=DIRECTION('',(0.,0.,1.));
#4068=DIRECTION('',(-1.,0.,0.));
#4069=DIRECTION('',(0.,0.0871557427476582,-0.996194698091746));
#4070=DIRECTION('',(-1.,0.,0.));
#4071=DIRECTION('',(0.,0.0871557427476582,-0.996194698091746));
#4072=DIRECTION('',(-6.12323399573677E-17,0.,-1.));
#4073=DIRECTION('',(0.,-1.,0.));
#4074=DIRECTION('',(1.,0.,-6.12323399573677E-17));
#4075=DIRECTION('',(0.,-1.,0.));
#4076=DIRECTION('',(1.,-5.42101086242752E-16,-6.12323399573677E-17));
#4077=DIRECTION('',(0.,-1.,0.));
#4078=DIRECTION('',(-1.,0.,6.12323399573677E-17));
#4079=DIRECTION('',(0.,-1.,0.));
#4080=DIRECTION('',(-6.12323399573677E-17,0.,-1.));
#4081=DIRECTION('',(-6.12323399573677E-17,1.76280361347965E-15,-1.));
#4082=DIRECTION('',(-1.,0.,6.12323399573677E-17));
#4083=DIRECTION('',(6.12323399573677E-17,0.,1.));
#4084=DIRECTION('',(6.12323399573677E-17,0.,1.));
#4085=DIRECTION('',(0.,-1.,0.));
#4086=DIRECTION('',(-6.12323399573677E-17,0.,-1.));
#4087=DIRECTION('',(-1.06328842478789E-17,-0.984807753012208,-0.17364817766693));
#4088=DIRECTION('',(0.,-1.,0.));
#4089=DIRECTION('',(-5.30287619362454E-17,-0.5,-0.866025403784439));
#4090=DIRECTION('',(0.,-1.,0.));
#4091=DIRECTION('',(6.12323399573677E-17,0.,1.));
#4092=DIRECTION('',(-1.,0.,6.12323399573677E-17));
#4093=DIRECTION('',(6.12323399573677E-17,0.,1.));
#4094=DIRECTION('',(-1.,0.,6.12323399573677E-17));
#4095=DIRECTION('',(6.12323399573677E-17,0.,1.));
#4096=DIRECTION('',(-1.,0.,6.12323399573677E-17));
#4097=DIRECTION('',(6.12323399573677E-17,0.,1.));
#4098=DIRECTION('',(-1.,0.,6.12323399573677E-17));
#4099=DIRECTION('',(6.12323399573677E-17,0.,1.));
#4100=DIRECTION('',(-1.,0.,6.12323399573677E-17));
#4101=DIRECTION('',(0.,-1.,0.));
#4102=DIRECTION('',(6.12323399573677E-17,0.,1.));
#4103=DIRECTION('',(-1.,0.,6.12323399573677E-17));
#4104=DIRECTION('',(-6.12323399573677E-17,0.,-1.));
#4105=DIRECTION('',(-6.12323399573677E-17,0.,-1.));
#4106=DIRECTION('',(0.,-1.,0.));
#4107=DIRECTION('',(-5.30287619362454E-17,-0.5,-0.866025403784439));
#4108=DIRECTION('',(0.,-1.,0.));
#4109=DIRECTION('',(-1.06328842478789E-17,-0.984807753012208,-0.17364817766693));
#4110=DIRECTION('',(6.12323399573677E-17,0.,1.));
#4111=DIRECTION('',(0.,-1.,0.));
#4112=DIRECTION('',(-6.12323399573677E-17,0.,-1.));
#4113=DIRECTION('',(-1.,5.42101086242752E-16,6.12323399573677E-17));
#4114=DIRECTION('',(-5.42101086242752E-16,-1.,3.31941180040744E-32));
#4115=DIRECTION('',(6.12323399573667E-17,-1.76280361347965E-15,1.));
#4116=DIRECTION('',(-1.,0.,6.12323399573677E-17));
#4117=DIRECTION('',(6.12323399573677E-17,0.,1.));
#4118=DIRECTION('',(-1.,0.,6.12323399573677E-17));
#4119=DIRECTION('',(6.12323399573677E-17,0.,1.));
#4120=DIRECTION('',(-1.,0.,6.12323399573677E-17));
#4121=DIRECTION('',(6.12323399573677E-17,0.,1.));
#4122=DIRECTION('',(0.,1.,0.));
#4123=DIRECTION('',(-6.12323399573677E-17,0.,-1.));
#4124=DIRECTION('',(-1.,0.,6.12323399573677E-17));
#4125=DIRECTION('',(-1.,0.,6.12323399573677E-17));
#4126=DIRECTION('',(-6.03020831250949E-17,0.17364817766693,-0.984807753012208));
#4127=DIRECTION('',(-1.06328842478789E-17,-0.984807753012208,-0.17364817766693));
#4128=DIRECTION('',(-1.,0.,6.12323399573677E-17));
#4129=DIRECTION('',(-3.06161699786838E-17,0.866025403784439,-0.5));
#4130=DIRECTION('',(-5.30287619362454E-17,-0.5,-0.866025403784439));
#4131=DIRECTION('',(-1.,0.,6.12323399573677E-17));
#4132=DIRECTION('',(1.,0.,-6.12323399573677E-17));
#4133=DIRECTION('',(-1.,0.,6.12323399573677E-17));
#4134=DIRECTION('',(6.12323399573677E-17,0.,1.));
#4135=DIRECTION('',(-1.,0.,6.12323399573677E-17));
#4136=DIRECTION('',(6.12323399573677E-17,0.,1.));
#4137=DIRECTION('',(-1.,0.,6.12323399573677E-17));
#4138=DIRECTION('',(6.12323399573677E-17,0.,1.));
#4139=DIRECTION('',(-5.42101086242752E-16,-1.,3.31941180040744E-32));
#4140=DIRECTION('',(1.,-5.42101086242752E-16,-6.12323399573677E-17));
#4141=DIRECTION('',(1.,-5.42101086242752E-16,-6.12323399573677E-17));
#4142=DIRECTION('',(1.,0.,-6.12323399573677E-17));
#4143=DIRECTION('',(1.,-5.42101086242752E-16,-6.12323399573677E-17));
#4144=DIRECTION('',(5.42101086242752E-16,1.,-3.31941180040744E-32));
#4145=DIRECTION('',(1.,-5.42101086242752E-16,-6.12323399573677E-17));
#4146=DIRECTION('',(5.42101086242752E-16,1.,1.76280361347965E-15));
#4147=DIRECTION('',(6.12323399573677E-17,-1.76280361347965E-15,1.));
#4148=DIRECTION('',(0.,1.,0.));
#4149=DIRECTION('',(-1.,0.,6.12323399573677E-17));
#4150=DIRECTION('',(1.,0.,-6.12323399573677E-17));
#4151=DIRECTION('',(1.,0.,-6.12323399573677E-17));
#4152=DIRECTION('',(6.12323399573677E-17,0.,1.));
#4153=DIRECTION('',(1.,0.,-6.12323399573677E-17));
#4154=DIRECTION('',(0.,-1.,0.));
#4155=DIRECTION('',(1.,0.,-6.12323399573677E-17));
#4156=DIRECTION('',(-1.,0.,6.12323399573677E-17));
#4157=DIRECTION('',(1.,0.,-1.22464679914735E-16));
#4158=DIRECTION('',(0.,-1.,0.));
#4159=DIRECTION('',(-1.22464679914735E-16,0.,-1.));
#4160=DIRECTION('',(0.,1.,0.));
#4161=DIRECTION('',(-1.22464679914735E-16,0.,-1.));
#4162=DIRECTION('',(0.,-1.,0.));
#4163=DIRECTION('',(0.,-1.,0.));
#4164=DIRECTION('',(-1.,0.,1.22464679914735E-16));
#4165=DIRECTION('',(-1.,0.,1.22464679914735E-16));
#4166=DIRECTION('',(-1.22464679914735E-16,0.,-1.));
#4167=DIRECTION('',(-1.,0.,1.22464679914735E-16));
#4168=DIRECTION('',(-1.22464679914735E-16,0.,-1.));
#4169=DIRECTION('',(-1.,0.,1.22464679914735E-16));
#4170=DIRECTION('',(-1.22464679914735E-16,0.,-1.));
#4171=DIRECTION('',(-1.,0.,1.22464679914735E-16));
#4172=DIRECTION('',(-1.22464679914735E-16,0.,-1.));
#4173=DIRECTION('',(-1.,0.,1.22464679914735E-16));
#4174=DIRECTION('',(0.,1.,0.));
#4175=DIRECTION('',(1.,0.,-1.22464679914735E-16));
#4176=DIRECTION('',(-1.,0.,1.22464679914735E-16));
#4177=DIRECTION('',(1.,0.,-1.22464679914735E-16));
#4178=DIRECTION('',(-1.22464679914735E-16,0.,-1.));
#4179=DIRECTION('',(-1.22464679914735E-16,0.,-1.));
#4180=DIRECTION('',(-1.,0.,1.22464679914735E-16));
#4181=DIRECTION('',(0.,1.,0.));
#4182=DIRECTION('',(-1.22464679914735E-16,0.,-1.));
#4183=DIRECTION('',(-1.,0.,1.22464679914735E-16));
#4184=DIRECTION('',(0.,1.,0.));
#4185=DIRECTION('',(0.,-1.,0.));
#4186=DIRECTION('',(0.,0.,-1.));
#4187=DIRECTION('',(0.,1.,0.));
#4188=DIRECTION('',(0.,0.,1.));
#4189=DIRECTION('',(0.,1.,0.));
#4190=DIRECTION('',(0.,0.,1.));
#4191=DIRECTION('',(0.,1.,0.));
#4192=DIRECTION('',(0.707106781186548,0.,0.707106781186547));
#4193=DIRECTION('',(0.,1.,0.));
#4194=DIRECTION('',(0.707106781186548,0.,0.707106781186547));
#4195=DIRECTION('',(1.,0.,-1.22464679914735E-16));
#4196=DIRECTION('',(0.,-1.,0.));
#4197=DIRECTION('',(-1.22464679914735E-16,0.,-1.));
#4198=DIRECTION('',(0.,1.,0.));
#4199=DIRECTION('',(-1.22464679914735E-16,0.,-1.));
#4200=DIRECTION('',(0.,-1.,0.));
#4201=DIRECTION('',(0.,-1.,0.));
#4202=DIRECTION('',(-1.,0.,1.22464679914735E-16));
#4203=DIRECTION('',(-1.,0.,1.22464679914735E-16));
#4204=DIRECTION('',(-1.22464679914735E-16,0.,-1.));
#4205=DIRECTION('',(-1.,0.,1.22464679914735E-16));
#4206=DIRECTION('',(-1.22464679914735E-16,0.,-1.));
#4207=DIRECTION('',(-1.,0.,1.22464679914735E-16));
#4208=DIRECTION('',(-1.22464679914735E-16,0.,-1.));
#4209=DIRECTION('',(-1.,0.,1.22464679914735E-16));
#4210=DIRECTION('',(-1.22464679914735E-16,0.,-1.));
#4211=DIRECTION('',(-1.,0.,1.22464679914735E-16));
#4212=DIRECTION('',(0.,1.,0.));
#4213=DIRECTION('',(1.,0.,-1.22464679914735E-16));
#4214=DIRECTION('',(-1.,0.,1.22464679914735E-16));
#4215=DIRECTION('',(1.,0.,-1.22464679914735E-16));
#4216=DIRECTION('',(-1.22464679914735E-16,0.,-1.));
#4217=DIRECTION('',(-1.22464679914735E-16,0.,-1.));
#4218=DIRECTION('',(-1.,0.,1.22464679914735E-16));
#4219=DIRECTION('',(0.,1.,0.));
#4220=DIRECTION('',(-1.22464679914735E-16,0.,-1.));
#4221=DIRECTION('',(-1.,0.,1.22464679914735E-16));
#4222=DIRECTION('',(0.,1.,0.));
#4223=DIRECTION('',(-5.78241158658935E-16,-1.,-3.61400724161834E-17));
#4224=DIRECTION('',(1.,-5.78241158658935E-16,0.));
#4225=DIRECTION('',(5.78241158658935E-16,1.,3.61400724161834E-17));
#4226=DIRECTION('',(-1.,5.78241158658935E-16,0.));
#4227=DIRECTION('',(5.78241158658935E-16,1.,3.61400724161834E-17));
#4228=DIRECTION('',(-1.,5.78241158658935E-16,0.));
#4229=DIRECTION('',(-5.78241158658935E-16,-1.,-3.61400724161834E-17));
#4230=DIRECTION('',(1.,-5.78241158658935E-16,0.));
#4231=DIRECTION('',(5.78241158658935E-16,1.,3.61400724161834E-17));
#4232=DIRECTION('',(-1.,5.78241158658935E-16,0.));
#4233=DIRECTION('',(5.78241158658935E-16,1.,3.61400724161834E-17));
#4234=DIRECTION('',(-1.,5.78241158658935E-16,0.));
#4235=DIRECTION('',(5.78241158658935E-16,1.,3.61400724161834E-17));
#4236=DIRECTION('',(0.707106781186548,-4.34433134726955E-16,0.707106781186547));
#4237=DIRECTION('',(5.78241158658935E-16,1.,3.61400724161834E-17));
#4238=DIRECTION('',(0.707106781186548,-4.34433134726955E-16,0.707106781186547));
#4239=DIRECTION('',(0.,-1.,0.));
#4240=DIRECTION('',(0.,0.,-1.));
#4241=DIRECTION('',(0.,1.,0.));
#4242=DIRECTION('',(0.,0.,1.));
#4243=DIRECTION('',(0.,1.,0.));
#4244=DIRECTION('',(0.,0.,1.));
#4245=DIRECTION('',(0.,-1.,0.));
#4246=DIRECTION('',(0.,0.,-1.));
#4247=DIRECTION('',(0.,1.,0.));
#4248=DIRECTION('',(0.,0.,1.));
#4249=DIRECTION('',(0.,1.,0.));
#4250=DIRECTION('',(0.,0.,1.));
#4251=DIRECTION('',(0.,1.,0.));
#4252=DIRECTION('',(0.707106781186548,0.,-0.707106781186548));
#4253=DIRECTION('',(0.,1.,0.));
#4254=DIRECTION('',(0.707106781186548,0.,-0.707106781186548));
#4255=DIRECTION('',(6.12323399573677E-17,0.,-1.));
#4256=DIRECTION('',(-1.19411303010116E-16,1.,-7.31183350066769E-33));
#4257=DIRECTION('',(-1.,-3.19637367888243E-32,-6.12323399573677E-17));
#4258=DIRECTION('',(-1.19411303010116E-16,1.,0.));
#4259=DIRECTION('',(-1.,-3.4733154339327E-17,-6.12323399573677E-17));
#4260=DIRECTION('',(-1.19411303010116E-16,1.,-7.31183350066769E-33));
#4261=DIRECTION('',(1.,1.19411303010116E-16,6.12323399573677E-17));
#4262=DIRECTION('',(-1.19411303010116E-16,1.,0.));
#4263=DIRECTION('',(6.12323399573677E-17,0.,-1.));
#4264=DIRECTION('',(6.12323399573679E-17,-1.76280361347965E-15,-1.));
#4265=DIRECTION('',(1.,1.19411303010116E-16,6.12323399573677E-17));
#4266=DIRECTION('',(-1.19411303010116E-16,1.,0.));
#4267=DIRECTION('',(-6.12323399573677E-17,0.,1.));
#4268=DIRECTION('',(-1.19411303010116E-16,1.,-7.31183350066769E-33));
#4269=DIRECTION('',(-1.12734413441303E-16,0.5,0.866025403784439));
#4270=DIRECTION('',(-1.19411303010116E-16,1.,-7.31183350066769E-33));
#4271=DIRECTION('',(1.28230061249531E-16,-0.984807753012208,-0.17364817766693));
#4272=DIRECTION('',(6.12323399573677E-17,7.31183350066769E-33,-1.));
#4273=DIRECTION('',(-1.19411303010116E-16,1.,-7.31183350066769E-33));
#4274=DIRECTION('',(-6.12323399573677E-17,0.,1.));
#4275=DIRECTION('',(1.,1.19411303010116E-16,6.12323399573677E-17));
#4276=DIRECTION('',(-1.19411303010116E-16,1.,0.));
#4277=DIRECTION('',(1.,1.19411303010116E-16,6.12323399573677E-17));
#4278=DIRECTION('',(-1.19411303010116E-16,1.,0.));
#4279=DIRECTION('',(1.,1.19411303010116E-16,6.12323399573677E-17));
#4280=DIRECTION('',(-1.19411303010116E-16,1.,0.));
#4281=DIRECTION('',(1.,1.19411303010116E-16,6.12323399573677E-17));
#4282=DIRECTION('',(-1.19411303010116E-16,1.,0.));
#4283=DIRECTION('',(1.,1.19411303010116E-16,6.12323399573677E-17));
#4284=DIRECTION('',(-1.19411303010116E-16,1.,0.));
#4285=DIRECTION('',(-6.12323399573677E-17,0.,1.));
#4286=DIRECTION('',(1.,3.19637367888243E-32,6.12323399573677E-17));
#4287=DIRECTION('',(3.19637367888243E-32,-1.,1.95721439736111E-48));
#4288=DIRECTION('',(6.12323399573677E-17,0.,-1.));
#4289=DIRECTION('',(-1.19411303010116E-16,1.,-7.31183350066769E-33));
#4290=DIRECTION('',(-6.12323399573677E-17,-7.31183350066769E-33,1.));
#4291=DIRECTION('',(1.28230061249531E-16,-0.984807753012208,-0.17364817766693));
#4292=DIRECTION('',(-1.19411303010116E-16,1.,-7.31183350066769E-33));
#4293=DIRECTION('',(-1.12734413441303E-16,0.5,0.866025403784439));
#4294=DIRECTION('',(-1.19411303010116E-16,1.,-7.31183350066769E-33));
#4295=DIRECTION('',(6.12323399573677E-17,0.,-1.));
#4296=DIRECTION('',(1.,3.4733154339327E-17,6.12323399573677E-17));
#4297=DIRECTION('',(3.4733154339327E-17,-1.,2.12679231429739E-33));
#4298=DIRECTION('',(-6.12323399573677E-17,1.76280361347965E-15,1.));
#4299=DIRECTION('',(1.,1.19411303010116E-16,6.12323399573677E-17));
#4300=DIRECTION('',(-1.19411303010116E-16,1.,0.));
#4301=DIRECTION('',(1.,1.19411303010116E-16,6.12323399573677E-17));
#4302=DIRECTION('',(-1.19411303010116E-16,1.,0.));
#4303=DIRECTION('',(1.,1.19411303010116E-16,6.12323399573677E-17));
#4304=DIRECTION('',(-1.19411303010116E-16,1.,0.));
#4305=DIRECTION('',(-3.95665279645545E-17,-0.17364817766693,0.984807753012208));
#4306=DIRECTION('',(1.28230061249531E-16,-0.984807753012208,-0.17364817766693));
#4307=DIRECTION('',(1.,1.19411303010116E-16,6.12323399573677E-17));
#4308=DIRECTION('',(1.,1.19411303010116E-16,6.12323399573677E-17));
#4309=DIRECTION('',(1.19411303010116E-16,-1.,0.));
#4310=DIRECTION('',(6.12323399573677E-17,7.31183350066769E-33,-1.));
#4311=DIRECTION('',(-1.,-1.19411303010116E-16,-6.12323399573677E-17));
#4312=DIRECTION('',(-7.27970519270782E-17,0.866025403784439,-0.5));
#4313=DIRECTION('',(-1.12734413441303E-16,0.5,0.866025403784439));
#4314=DIRECTION('',(1.,1.19411303010116E-16,6.12323399573677E-17));
#4315=DIRECTION('',(-1.,-1.19411303010116E-16,-6.12323399573677E-17));
#4316=DIRECTION('',(1.,1.19411303010116E-16,6.12323399573677E-17));
#4317=DIRECTION('',(-1.19411303010116E-16,1.,0.));
#4318=DIRECTION('',(1.,1.19411303010116E-16,6.12323399573677E-17));
#4319=DIRECTION('',(-1.19411303010116E-16,1.,0.));
#4320=DIRECTION('',(1.,1.19411303010116E-16,6.12323399573677E-17));
#4321=DIRECTION('',(-1.19411303010116E-16,1.,0.));
#4322=DIRECTION('',(-3.4733154339327E-17,1.,-2.12679231429739E-33));
#4323=DIRECTION('',(1.,3.4733154339327E-17,6.12323399573677E-17));
#4324=DIRECTION('',(-1.,-3.4733154339327E-17,-6.12323399573677E-17));
#4325=DIRECTION('',(-1.,-1.19411303010116E-16,-6.12323399573677E-17));
#4326=DIRECTION('',(-1.,-3.4733154339327E-17,-6.12323399573677E-17));
#4327=DIRECTION('',(-3.4733154339327E-17,1.,-2.12679231429739E-33));
#4328=DIRECTION('',(-1.,-3.4733154339327E-17,-6.12323399573677E-17));
#4329=DIRECTION('',(3.47331543393269E-17,-1.,1.76280361347965E-15));
#4330=DIRECTION('',(-6.12323399573677E-17,1.76280361347965E-15,1.));
#4331=DIRECTION('',(3.19637367888243E-32,-1.,1.95721439736111E-48));
#4332=DIRECTION('',(-1.,-3.19637367888243E-32,-6.12323399573677E-17));
#4333=DIRECTION('',(-1.,-3.19637367888243E-32,-6.12323399573677E-17));
#4334=DIRECTION('',(-1.,-3.19637367888243E-32,-6.12323399573677E-17));
#4335=DIRECTION('',(-3.19637367888243E-32,1.,-1.95721439736111E-48));
#4336=DIRECTION('',(-1.,-3.19637367888243E-32,-6.12323399573677E-17));
#4337=DIRECTION('',(-3.19637367888243E-32,1.,-1.95721439736111E-48));
#4338=DIRECTION('',(1.,3.19637367888243E-32,6.12323399573677E-17));
#4339=DIRECTION('',(1.,1.19411303010116E-16,6.12323399573677E-17));
#4340=DIRECTION('',(-1.,0.,-1.22464679914735E-16));
#4341=DIRECTION('',(-3.91442879472222E-48,1.,3.19637367888243E-32));
#4342=DIRECTION('',(1.22464679914735E-16,3.19637367888243E-32,-1.));
#4343=DIRECTION('',(-3.91442879472222E-48,1.,3.19637367888243E-32));
#4344=DIRECTION('',(1.22464679914735E-16,3.19637367888243E-32,-1.));
#4345=DIRECTION('',(-3.91442879472222E-48,1.,3.19637367888243E-32));
#4346=DIRECTION('',(-3.71305209291409E-48,1.,3.19637367888243E-32));
#4347=DIRECTION('',(1.,-2.01376701808131E-49,1.22464679914735E-16));
#4348=DIRECTION('',(-1.,0.,-1.22464679914735E-16));
#4349=DIRECTION('',(1.22464679914735E-16,3.19637367888243E-32,-1.));
#4350=DIRECTION('',(1.,-2.01376701808131E-49,1.22464679914735E-16));
#4351=DIRECTION('',(1.22464679914735E-16,3.19637367888243E-32,-1.));
#4352=DIRECTION('',(-1.,0.,-1.22464679914735E-16));
#4353=DIRECTION('',(1.22464679914735E-16,3.19637367888243E-32,-1.));
#4354=DIRECTION('',(-1.,0.,-1.22464679914735E-16));
#4355=DIRECTION('',(1.22464679914735E-16,3.19637367888243E-32,-1.));
#4356=DIRECTION('',(-1.,0.,-1.22464679914735E-16));
#4357=DIRECTION('',(3.71305209291409E-48,-1.,-3.19637367888243E-32));
#4358=DIRECTION('',(-1.,2.01376701808131E-49,-1.22464679914735E-16));
#4359=DIRECTION('',(-1.,0.,-1.22464679914735E-16));
#4360=DIRECTION('',(-1.,2.01376701808131E-49,-1.22464679914735E-16));
#4361=DIRECTION('',(1.22464679914735E-16,3.19637367888243E-32,-1.));
#4362=DIRECTION('',(1.22464679914735E-16,3.19637367888243E-32,-1.));
#4363=DIRECTION('',(-1.,0.,-1.22464679914735E-16));
#4364=DIRECTION('',(1.19411303010116E-16,-1.,-1.73400697874889E-32));
#4365=DIRECTION('',(1.22464679914735E-16,3.19637367888243E-32,-1.));
#4366=DIRECTION('',(-1.,0.,-1.22464679914735E-16));
#4367=DIRECTION('',(1.19411303010116E-16,-1.,-1.73400697874889E-32));
#4368=DIRECTION('',(0.,1.,-3.4733154339327E-17));
#4369=DIRECTION('',(0.,3.4733154339327E-17,1.));
#4370=DIRECTION('',(0.,-1.,3.4733154339327E-17));
#4371=DIRECTION('',(0.,-3.4733154339327E-17,-1.));
#4372=DIRECTION('',(0.,-1.,3.4733154339327E-17));
#4373=DIRECTION('',(0.,-3.4733154339327E-17,-1.));
#4374=DIRECTION('',(0.,-1.,3.4733154339327E-17));
#4375=DIRECTION('',(-0.707106781186548,2.45600489653371E-17,0.707106781186547));
#4376=DIRECTION('',(0.,-1.,3.4733154339327E-17));
#4377=DIRECTION('',(-0.707106781186548,2.45600489653371E-17,0.707106781186547));
#4378=DIRECTION('',(-1.,0.,-1.22464679914735E-16));
#4379=DIRECTION('',(-3.91442879472222E-48,1.,3.19637367888243E-32));
#4380=DIRECTION('',(1.22464679914735E-16,3.19637367888243E-32,-1.));
#4381=DIRECTION('',(-3.91442879472222E-48,1.,3.19637367888243E-32));
#4382=DIRECTION('',(1.22464679914735E-16,3.19637367888243E-32,-1.));
#4383=DIRECTION('',(-3.91442879472222E-48,1.,3.19637367888243E-32));
#4384=DIRECTION('',(-3.71305209291409E-48,1.,3.19637367888243E-32));
#4385=DIRECTION('',(1.,-2.01376701808131E-49,1.22464679914735E-16));
#4386=DIRECTION('',(-1.,0.,-1.22464679914735E-16));
#4387=DIRECTION('',(1.22464679914735E-16,3.19637367888243E-32,-1.));
#4388=DIRECTION('',(1.,-2.01376701808131E-49,1.22464679914735E-16));
#4389=DIRECTION('',(1.22464679914735E-16,3.19637367888243E-32,-1.));
#4390=DIRECTION('',(-1.,0.,-1.22464679914735E-16));
#4391=DIRECTION('',(1.22464679914735E-16,3.19637367888243E-32,-1.));
#4392=DIRECTION('',(-1.,0.,-1.22464679914735E-16));
#4393=DIRECTION('',(1.22464679914735E-16,3.19637367888243E-32,-1.));
#4394=DIRECTION('',(-1.,0.,-1.22464679914735E-16));
#4395=DIRECTION('',(3.71305209291409E-48,-1.,-3.19637367888243E-32));
#4396=DIRECTION('',(-1.,2.01376701808131E-49,-1.22464679914735E-16));
#4397=DIRECTION('',(-1.,0.,-1.22464679914735E-16));
#4398=DIRECTION('',(-1.,2.01376701808131E-49,-1.22464679914735E-16));
#4399=DIRECTION('',(1.22464679914735E-16,3.19637367888243E-32,-1.));
#4400=DIRECTION('',(1.22464679914735E-16,3.19637367888243E-32,-1.));
#4401=DIRECTION('',(-1.,0.,-1.22464679914735E-16));
#4402=DIRECTION('',(1.19411303010116E-16,-1.,-1.73400697874889E-32));
#4403=DIRECTION('',(1.22464679914735E-16,3.19637367888243E-32,-1.));
#4404=DIRECTION('',(-1.,0.,-1.22464679914735E-16));
#4405=DIRECTION('',(1.19411303010116E-16,-1.,-1.73400697874889E-32));
#4406=DIRECTION('',(0.,1.,0.));
#4407=DIRECTION('',(0.,0.,1.));
#4408=DIRECTION('',(0.,-1.,0.));
#4409=DIRECTION('',(0.,0.,-1.));
#4410=DIRECTION('',(0.,-1.,0.));
#4411=DIRECTION('',(0.,0.,-1.));
#4412=DIRECTION('',(0.,1.,0.));
#4413=DIRECTION('',(0.,0.,1.));
#4414=DIRECTION('',(0.,-1.,0.));
#4415=DIRECTION('',(0.,0.,-1.));
#4416=DIRECTION('',(0.,-1.,0.));
#4417=DIRECTION('',(0.,0.,-1.));
#4418=DIRECTION('',(0.,-1.,0.));
#4419=DIRECTION('',(-0.707106781186548,0.,0.707106781186547));
#4420=DIRECTION('',(0.,-1.,0.));
#4421=DIRECTION('',(-0.707106781186548,0.,0.707106781186547));
#4422=DIRECTION('',(0.,1.,0.));
#4423=DIRECTION('',(0.,0.,1.));
#4424=DIRECTION('',(0.,-1.,0.));
#4425=DIRECTION('',(0.,0.,-1.));
#4426=DIRECTION('',(0.,-1.,0.));
#4427=DIRECTION('',(0.,0.,-1.));
#4428=DIRECTION('',(0.,1.,0.));
#4429=DIRECTION('',(0.,0.,1.));
#4430=DIRECTION('',(0.,-1.,0.));
#4431=DIRECTION('',(0.,0.,-1.));
#4432=DIRECTION('',(0.,-1.,0.));
#4433=DIRECTION('',(0.,0.,-1.));
#4434=DIRECTION('',(0.,-1.,0.));
#4435=DIRECTION('',(-0.707106781186548,0.,-0.707106781186548));
#4436=DIRECTION('',(0.,-1.,0.));
#4437=DIRECTION('',(-0.707106781186548,0.,-0.707106781186548));
#4438=DIRECTION('',(0.,-6.12323399573677E-17,-1.));
#4439=DIRECTION('',(1.,0.,0.));
#4440=DIRECTION('',(1.,0.,0.));
#4441=DIRECTION('',(0.,1.,-6.12323399573677E-17));
#4442=DIRECTION('',(1.,0.,0.));
#4443=DIRECTION('',(0.,-1.,6.12323399573677E-17));
#4444=DIRECTION('',(1.,0.,0.));
#4445=DIRECTION('',(0.,6.12323399573677E-17,1.));
#4446=DIRECTION('',(0.,6.12323399573677E-17,1.));
#4447=DIRECTION('',(0.,-1.,6.12323399573677E-17));
#4448=DIRECTION('',(0.,-6.12323399573677E-17,-1.));
#4449=DIRECTION('',(0.,-1.,6.12323399573677E-17));
#4450=DIRECTION('',(0.,-1.,6.12323399573677E-17));
#4451=DIRECTION('',(0.,-6.12323399573677E-17,-1.));
#4452=DIRECTION('',(0.,-1.,6.12323399573677E-17));
#4453=DIRECTION('',(0.,-6.12323399573677E-17,-1.));
#4454=DIRECTION('',(0.,-1.,6.12323399573677E-17));
#4455=DIRECTION('',(0.,-6.12323399573677E-17,-1.));
#4456=DIRECTION('',(-1.,0.,0.));
#4457=DIRECTION('',(0.,-6.12323399573677E-17,-1.));
#4458=DIRECTION('',(0.,-6.12323399573677E-17,-1.));
#4459=DIRECTION('',(0.,-6.12323399573677E-17,-1.));
#4460=DIRECTION('',(0.,-1.,6.12323399573677E-17));
#4461=DIRECTION('',(0.,-1.,6.12323399573677E-17));
#4462=DIRECTION('',(0.,-6.12323399573677E-17,-1.));
#4463=DIRECTION('',(0.707106781186548,4.32978028117747E-17,0.707106781186548));
#4464=DIRECTION('',(1.,0.,0.));
#4465=DIRECTION('',(0.,-1.,6.12323399573677E-17));
#4466=DIRECTION('',(0.,-6.12323399573677E-17,-1.));
#4467=DIRECTION('',(-0.707106781186548,-4.32978028117747E-17,-0.707106781186548));
#4468=DIRECTION('',(1.,0.,0.));
#4469=DIRECTION('',(0.707106781186548,-4.32978028117746E-17,-0.707106781186548));
#4470=DIRECTION('',(0.,-1.,6.12323399573677E-17));
#4471=DIRECTION('',(1.,0.,0.));
#4472=DIRECTION('',(0.,0.,-1.));
#4473=DIRECTION('',(-1.,0.,0.));
#4474=DIRECTION('',(0.,0.,1.));
#4475=DIRECTION('',(-1.,0.,0.));
#4476=DIRECTION('',(0.,0.,1.));
#4477=DIRECTION('',(1.,0.,0.));
#4478=DIRECTION('',(0.,0.,-1.));
#4479=DIRECTION('',(-1.,0.,0.));
#4480=DIRECTION('',(0.,0.,1.));
#4481=DIRECTION('',(-1.,0.,0.));
#4482=DIRECTION('',(0.,0.,1.));
#4483=DIRECTION('',(-1.,0.,0.));
#4484=DIRECTION('',(0.,0.707106781186548,-0.707106781186548));
#4485=DIRECTION('',(-1.,0.,0.));
#4486=DIRECTION('',(0.,0.707106781186548,-0.707106781186548));
#4487=DIRECTION('',(0.,-6.12323399573677E-17,-1.));
#4488=DIRECTION('',(1.,0.,0.));
#4489=DIRECTION('',(1.,0.,0.));
#4490=DIRECTION('',(0.,-1.,6.12323399573677E-17));
#4491=DIRECTION('',(1.,0.,0.));
#4492=DIRECTION('',(0.,-1.,6.12323399573677E-17));
#4493=DIRECTION('',(1.,0.,0.));
#4494=DIRECTION('',(0.,6.12323399573677E-17,1.));
#4495=DIRECTION('',(0.,-6.12323399573677E-17,-1.));
#4496=DIRECTION('',(0.,-1.,6.12323399573677E-17));
#4497=DIRECTION('',(0.,6.12323399573677E-17,1.));
#4498=DIRECTION('',(0.,-1.,6.12323399573677E-17));
#4499=DIRECTION('',(0.,-6.12323399573677E-17,-1.));
#4500=DIRECTION('',(0.,-1.,6.12323399573677E-17));
#4501=DIRECTION('',(0.,-6.12323399573677E-17,-1.));
#4502=DIRECTION('',(0.,-1.,6.12323399573677E-17));
#4503=DIRECTION('',(0.,-6.12323399573677E-17,-1.));
#4504=DIRECTION('',(-1.,0.,0.));
#4505=DIRECTION('',(0.,-6.12323399573677E-17,-1.));
#4506=DIRECTION('',(0.,-6.12323399573677E-17,-1.));
#4507=DIRECTION('',(0.,1.,-6.12323399573677E-17));
#4508=DIRECTION('',(0.,-6.12323399573677E-17,-1.));
#4509=DIRECTION('',(0.,-1.,6.12323399573677E-17));
#4510=DIRECTION('',(0.,-1.,6.12323399573677E-17));
#4511=DIRECTION('',(0.,-6.12323399573677E-17,-1.));
#4512=DIRECTION('',(0.707106781186548,-4.32978028117747E-17,-0.707106781186548));
#4513=DIRECTION('',(-1.,0.,0.));
#4514=DIRECTION('',(0.,-1.,6.12323399573677E-17));
#4515=DIRECTION('',(0.,-6.12323399573677E-17,-1.));
#4516=DIRECTION('',(-0.707106781186548,4.32978028117747E-17,0.707106781186548));
#4517=DIRECTION('',(-1.,0.,0.));
#4518=DIRECTION('',(-0.707106781186548,-4.32978028117746E-17,-0.707106781186548));
#4519=DIRECTION('',(0.,-1.,6.12323399573677E-17));
#4520=DIRECTION('',(1.,0.,0.));
#4521=DIRECTION('',(0.,0.,-1.));
#4522=DIRECTION('',(-1.,0.,0.));
#4523=DIRECTION('',(0.,0.,1.));
#4524=DIRECTION('',(-1.,0.,0.));
#4525=DIRECTION('',(0.,0.,1.));
#4526=DIRECTION('',(1.,0.,0.));
#4527=DIRECTION('',(0.,0.,-1.));
#4528=DIRECTION('',(-1.,0.,0.));
#4529=DIRECTION('',(0.,0.,1.));
#4530=DIRECTION('',(-1.,0.,0.));
#4531=DIRECTION('',(0.,0.,1.));
#4532=DIRECTION('',(-1.,0.,0.));
#4533=DIRECTION('',(0.,0.707106781186548,-0.707106781186548));
#4534=DIRECTION('',(-1.,0.,0.));
#4535=DIRECTION('',(0.,0.707106781186548,-0.707106781186548));
#4536=CARTESIAN_POINT('',(0.,0.,0.));
#4537=CARTESIAN_POINT('',(0.01295,-0.0109454057991505,-0.0146787473931909));
#4538=CARTESIAN_POINT('',(0.01295,-0.0109454057991505,-0.0154787473931909));
#4539=CARTESIAN_POINT('',(0.01295,-0.0448091227947094,-0.0154787473931909));
#4540=CARTESIAN_POINT('',(0.01295,-0.0399454057991505,-0.0154787473931909));
#4541=CARTESIAN_POINT('',(0.01295,-0.0448091227947094,-0.0146787473931909));
#4542=CARTESIAN_POINT('',(0.01295,-0.0448091227947094,-0.0146787473931909));
#4543=CARTESIAN_POINT('',(0.01295,-0.0109454057991505,-0.0146787473931909));
#4544=CARTESIAN_POINT('',(0.01295,-0.0399454057991505,-0.0146787473931909));
#4545=CARTESIAN_POINT('',(0.01295,-0.0399454057991505,-0.0154787473931909));
#4546=CARTESIAN_POINT('',(-0.015275,-0.0109454057991505,-0.0146787473931909));
#4547=CARTESIAN_POINT('',(-0.015275,-0.0109454057991505,-0.0154787473931909));
#4548=CARTESIAN_POINT('',(-0.015275,-0.0448091227947094,-0.0154787473931909));
#4549=CARTESIAN_POINT('',(-0.015275,-0.0359454057991505,-0.0154787473931909));
#4550=CARTESIAN_POINT('',(-0.015275,-0.0448091227947094,-0.0146787473931909));
#4551=CARTESIAN_POINT('',(-0.015275,-0.0448091227947094,-0.0146787473931909));
#4552=CARTESIAN_POINT('',(-0.015275,-0.0109454057991505,-0.0146787473931909));
#4553=CARTESIAN_POINT('',(-0.015275,-0.0359454057991505,-0.0146787473931909));
#4554=CARTESIAN_POINT('',(-0.015275,-0.0359454057991505,-0.0146787473931909));
#4555=CARTESIAN_POINT('',(0.03,0.0445272971004248,-0.0146787473931909));
#4556=CARTESIAN_POINT('',(0.03,-0.0109454057991505,-0.0154787473931909));
#4557=CARTESIAN_POINT('',(0.03,0.03,-0.0154787473931909));
#4558=CARTESIAN_POINT('',(0.03,0.034528976446697,-0.0154787473931909));
#4559=CARTESIAN_POINT('',(0.03,0.034528976446697,-0.0146787473931909));
#4560=CARTESIAN_POINT('',(0.03,0.034528976446697,-0.0146787473931909));
#4561=CARTESIAN_POINT('',(0.03,0.0445272971004248,-0.0146787473931909));
#4562=CARTESIAN_POINT('',(0.03,0.03,-0.0146787473931909));
#4563=CARTESIAN_POINT('',(0.03,0.03,-0.0146787473931909));
#4564=CARTESIAN_POINT('',(0.,-0.0109454057991505,-0.0146787473931909));
#4565=CARTESIAN_POINT('',(0.00645,-0.0109454057991505,-0.0146787473931909));
#4566=CARTESIAN_POINT('',(0.00645,-0.0487454057991505,-0.0146787473931909));
#4567=CARTESIAN_POINT('',(0.00645,-0.0477454057991505,-0.0146787473931909));
#4568=CARTESIAN_POINT('',(0.006025,-0.0487454057991505,-0.0146787473931909));
#4569=CARTESIAN_POINT('',(0.0056,-0.0487454057991505,-0.0146787473931909));
#4570=CARTESIAN_POINT('',(0.0056,-0.0109454057991505,-0.0146787473931909));
#4571=CARTESIAN_POINT('',(0.0056,-0.0448091227947094,-0.0146787473931909));
#4572=CARTESIAN_POINT('',(0.,-0.0448091227947094,-0.0146787473931909));
#4573=CARTESIAN_POINT('',(0.00595,-0.0448091227947094,-0.0146787473931909));
#4574=CARTESIAN_POINT('',(0.00595,-0.0109454057991505,-0.0146787473931909));
#4575=CARTESIAN_POINT('',(0.00595,-0.0359454057991505,-0.0146787473931909));
#4576=CARTESIAN_POINT('',(0.,-0.0359454057991505,-0.0146787473931909));
#4577=CARTESIAN_POINT('',(0.00895,-0.0359454057991505,-0.0146787473931909));
#4578=CARTESIAN_POINT('',(0.00895,-0.0359454057991505,-0.0146787473931909));
#4579=CARTESIAN_POINT('',(0.,-0.0448091227947094,-0.0146787473931909));
#4580=CARTESIAN_POINT('',(0.0133,-0.0448091227947094,-0.0146787473931909));
#4581=CARTESIAN_POINT('',(0.0133,-0.0109454057991505,-0.0146787473931909));
#4582=CARTESIAN_POINT('',(0.0133,-0.0487454057991505,-0.0146787473931909));
#4583=CARTESIAN_POINT('',(0.012875,-0.0487454057991505,-0.0146787473931909));
#4584=CARTESIAN_POINT('',(0.01245,-0.0487454057991505,-0.0146787473931909));
#4585=CARTESIAN_POINT('',(0.01245,-0.0109454057991505,-0.0146787473931909));
#4586=CARTESIAN_POINT('',(0.01245,-0.0477454057991505,-0.0146787473931909));
#4587=CARTESIAN_POINT('',(0.,-0.0477454057991505,-0.0146787473931909));
#4588=CARTESIAN_POINT('',(-0.021775,-0.0109454057991505,-0.0146787473931909));
#4589=CARTESIAN_POINT('',(-0.021775,-0.0487454057991505,-0.0146787473931909));
#4590=CARTESIAN_POINT('',(-0.021775,-0.0477454057991505,-0.0146787473931909));
#4591=CARTESIAN_POINT('',(-0.0222,-0.0487454057991505,-0.0146787473931909));
#4592=CARTESIAN_POINT('',(-0.022625,-0.0487454057991505,-0.0146787473931909));
#4593=CARTESIAN_POINT('',(-0.022625,-0.0109454057991505,-0.0146787473931909));
#4594=CARTESIAN_POINT('',(-0.022625,-0.0448091227947094,-0.0146787473931909));
#4595=CARTESIAN_POINT('',(0.,-0.0448091227947094,-0.0146787473931909));
#4596=CARTESIAN_POINT('',(-0.022275,-0.0448091227947094,-0.0146787473931909));
#4597=CARTESIAN_POINT('',(-0.022275,-0.0109454057991505,-0.0146787473931909));
#4598=CARTESIAN_POINT('',(-0.022275,-0.0399454057991505,-0.0146787473931909));
#4599=CARTESIAN_POINT('',(-0.022275,-0.0399454057991505,-0.0146787473931909));
#4600=CARTESIAN_POINT('',(-0.018275,-0.0359454057991505,-0.0146787473931909));
#4601=CARTESIAN_POINT('',(0.,-0.0359454057991505,-0.0146787473931909));
#4602=CARTESIAN_POINT('',(0.,-0.0448091227947094,-0.0146787473931909));
#4603=CARTESIAN_POINT('',(-0.014925,-0.0448091227947094,-0.0146787473931909));
#4604=CARTESIAN_POINT('',(-0.014925,-0.0109454057991505,-0.0146787473931909));
#4605=CARTESIAN_POINT('',(-0.014925,-0.0487454057991505,-0.0146787473931909));
#4606=CARTESIAN_POINT('',(-0.01535,-0.0487454057991505,-0.0146787473931909));
#4607=CARTESIAN_POINT('',(-0.015775,-0.0487454057991505,-0.0146787473931909));
#4608=CARTESIAN_POINT('',(-0.015775,-0.0109454057991505,-0.0146787473931909));
#4609=CARTESIAN_POINT('',(-0.015775,-0.0477454057991505,-0.0146787473931909));
#4610=CARTESIAN_POINT('',(0.,-0.0477454057991505,-0.0146787473931909));
#4611=CARTESIAN_POINT('',(-0.005,-0.0649454057991505,-0.0146787473931909));
#4612=CARTESIAN_POINT('',(-0.00395,-0.0649454057991505,-0.0146787473931909));
#4613=CARTESIAN_POINT('',(0.005,-0.0649454057991505,-0.0146787473931909));
#4614=CARTESIAN_POINT('',(0.00605,-0.0649454057991505,-0.0146787473931909));
#4615=CARTESIAN_POINT('',(0.0175,-0.0593454057991505,-0.0146787473931909));
#4616=CARTESIAN_POINT('',(0.0191,-0.0593454057991505,-0.0146787473931909));
#4617=CARTESIAN_POINT('',(0.0175,-0.0705454057991505,-0.0146787473931909));
#4618=CARTESIAN_POINT('',(0.0191,-0.0705454057991505,-0.0146787473931909));
#4619=CARTESIAN_POINT('',(-0.0175,-0.0705454057991505,-0.0146787473931909));
#4620=CARTESIAN_POINT('',(-0.0159,-0.0705454057991505,-0.0146787473931909));
#4621=CARTESIAN_POINT('',(-0.0175,-0.0593454057991505,-0.0146787473931909));
#4622=CARTESIAN_POINT('',(-0.0159,-0.0593454057991505,-0.0146787473931909));
#4623=CARTESIAN_POINT('',(0.,-0.077,-0.0146787473931909));
#4624=CARTESIAN_POINT('',(0.00175,-0.077,-0.0146787473931909));
#4625=CARTESIAN_POINT('',(0.01765,0.0223,-0.0146787473931909));
#4626=CARTESIAN_POINT('',(0.0194,0.0223,-0.0146787473931909));
#4627=CARTESIAN_POINT('',(-0.01765,0.0223,-0.0146787473931909));
#4628=CARTESIAN_POINT('',(-0.0159,0.0223,-0.0146787473931909));
#4629=CARTESIAN_POINT('',(0.0272,0.034953976446697,-0.0146787473931909));
#4630=CARTESIAN_POINT('',(0.0272,0.034528976446697,-0.0146787473931909));
#4631=CARTESIAN_POINT('',(0.0272,0.0353789764466969,-0.0146787473931909));
#4632=CARTESIAN_POINT('',(0.,0.0353789764466969,-0.0146787473931909));
#4633=CARTESIAN_POINT('',(0.0282,0.0353789764466969,-0.0146787473931909));
#4634=CARTESIAN_POINT('',(0.0282,-0.0109454057991505,-0.0146787473931909));
#4635=CARTESIAN_POINT('',(0.0282,0.0589671055373236,-0.0146787473931909));
#4636=CARTESIAN_POINT('',(0.,0.0589671055373236,-0.0146787473931909));
#4637=CARTESIAN_POINT('',(-0.0282,0.0589671055373236,-0.0146787473931909));
#4638=CARTESIAN_POINT('',(-0.0282,-0.0109454057991505,-0.0146787473931909));
#4639=CARTESIAN_POINT('',(-0.0282,0.0353789764466969,-0.0146787473931909));
#4640=CARTESIAN_POINT('',(0.,0.0353789764466969,-0.0146787473931909));
#4641=CARTESIAN_POINT('',(-0.0272,0.0353789764466969,-0.0146787473931909));
#4642=CARTESIAN_POINT('',(-0.0272,0.034953976446697,-0.0146787473931909));
#4643=CARTESIAN_POINT('',(-0.0272,0.034528976446697,-0.0146787473931909));
#4644=CARTESIAN_POINT('',(0.,0.034528976446697,-0.0146787473931909));
#4645=CARTESIAN_POINT('',(-0.03,0.034528976446697,-0.0146787473931909));
#4646=CARTESIAN_POINT('',(-0.03,0.0445272971004248,-0.0146787473931909));
#4647=CARTESIAN_POINT('',(-0.03,0.03,-0.0146787473931909));
#4648=CARTESIAN_POINT('',(-0.03125,0.03,-0.0146787473931909));
#4649=CARTESIAN_POINT('',(-0.0325,0.03,-0.0146787473931909));
#4650=CARTESIAN_POINT('',(-0.0325,-0.0075,-0.0146787473931909));
#4651=CARTESIAN_POINT('',(-0.0325,-0.045,-0.0146787473931909));
#4652=CARTESIAN_POINT('',(-0.04,-0.0375,-0.0146787473931909));
#4653=CARTESIAN_POINT('',(-0.0315,-0.046,-0.0146787473931909));
#4654=CARTESIAN_POINT('',(-0.029,-0.046,-0.0146787473931909));
#4655=CARTESIAN_POINT('',(-0.0285,-0.046,-0.0146787473931909));
#4656=CARTESIAN_POINT('',(-0.0255,-0.049,-0.0146787473931909));
#4657=CARTESIAN_POINT('',(-0.0225,-0.052,-0.0146787473931909));
#4658=CARTESIAN_POINT('',(-0.0225,-0.0649727028995752,-0.0146787473931909));
#4659=CARTESIAN_POINT('',(-0.0225,-0.0779454057991505,-0.0146787473931909));
#4660=CARTESIAN_POINT('',(-0.0195,-0.0779454057991505,-0.0146787473931909));
#4661=CARTESIAN_POINT('',(-0.0195,-0.0809454057991505,-0.0146787473931909));
#4662=CARTESIAN_POINT('',(6.93889390390723E-18,-0.0809454057991505,-0.0146787473931909));
#4663=CARTESIAN_POINT('',(0.0195,-0.0809454057991505,-0.0146787473931909));
#4664=CARTESIAN_POINT('',(0.0195,-0.0779454057991505,-0.0146787473931909));
#4665=CARTESIAN_POINT('',(0.0225,-0.0779454057991505,-0.0146787473931909));
#4666=CARTESIAN_POINT('',(0.0225,-0.0649727028995752,-0.0146787473931909));
#4667=CARTESIAN_POINT('',(0.0225,-0.052,-0.0146787473931909));
#4668=CARTESIAN_POINT('',(0.0255,-0.049,-0.0146787473931909));
#4669=CARTESIAN_POINT('',(0.0285,-0.046,-0.0146787473931909));
#4670=CARTESIAN_POINT('',(0.029,-0.046,-0.0146787473931909));
#4671=CARTESIAN_POINT('',(0.0315,-0.046,-0.0146787473931909));
#4672=CARTESIAN_POINT('',(0.04,-0.0375,-0.0146787473931909));
#4673=CARTESIAN_POINT('',(0.0325,-0.045,-0.0146787473931909));
#4674=CARTESIAN_POINT('',(0.0325,-0.0075,-0.0146787473931909));
#4675=CARTESIAN_POINT('',(0.0325,0.03,-0.0146787473931909));
#4676=CARTESIAN_POINT('',(0.03125,0.03,-0.0146787473931909));
#4677=CARTESIAN_POINT('',(0.,0.034528976446697,-0.0146787473931909));
#4678=CARTESIAN_POINT('',(0.,-0.0109454057991505,-0.0154787473931909));
#4679=CARTESIAN_POINT('',(-0.021775,-0.0467772642969299,-0.0154787473931909));
#4680=CARTESIAN_POINT('',(-0.021775,-0.0477454057991505,-0.0154787473931909));
#4681=CARTESIAN_POINT('',(-0.021775,-0.0487454057991505,-0.0154787473931909));
#4682=CARTESIAN_POINT('',(0.,-0.0477454057991505,-0.0154787473931909));
#4683=CARTESIAN_POINT('',(-0.015775,-0.0477454057991505,-0.0154787473931909));
#4684=CARTESIAN_POINT('',(-0.015775,-0.0467772642969299,-0.0154787473931909));
#4685=CARTESIAN_POINT('',(-0.015775,-0.0487454057991505,-0.0154787473931909));
#4686=CARTESIAN_POINT('',(-0.01535,-0.0487454057991505,-0.0154787473931909));
#4687=CARTESIAN_POINT('',(-0.014925,-0.0487454057991505,-0.0154787473931909));
#4688=CARTESIAN_POINT('',(-0.014925,-0.0467772642969299,-0.0154787473931909));
#4689=CARTESIAN_POINT('',(-0.014925,-0.0448091227947094,-0.0154787473931909));
#4690=CARTESIAN_POINT('',(-0.01535,-0.0448091227947094,-0.0154787473931909));
#4691=CARTESIAN_POINT('',(0.,-0.0359454057991505,-0.0154787473931909));
#4692=CARTESIAN_POINT('',(-0.018275,-0.0359454057991505,-0.0154787473931909));
#4693=CARTESIAN_POINT('',(0.0033625,-0.0143079057991505,-0.0154787473931909));
#4694=CARTESIAN_POINT('',(-0.022275,-0.0399454057991505,-0.0154787473931909));
#4695=CARTESIAN_POINT('',(-0.022275,-0.0109454057991505,-0.0154787473931909));
#4696=CARTESIAN_POINT('',(-0.022275,-0.0448091227947094,-0.0154787473931909));
#4697=CARTESIAN_POINT('',(-0.0222,-0.0448091227947094,-0.0154787473931909));
#4698=CARTESIAN_POINT('',(-0.022625,-0.0448091227947094,-0.0154787473931909));
#4699=CARTESIAN_POINT('',(-0.022625,-0.0467772642969299,-0.0154787473931909));
#4700=CARTESIAN_POINT('',(-0.022625,-0.0487454057991505,-0.0154787473931909));
#4701=CARTESIAN_POINT('',(-0.0222,-0.0487454057991505,-0.0154787473931909));
#4702=CARTESIAN_POINT('',(0.0282,-0.0109454057991505,-0.0154787473931909));
#4703=CARTESIAN_POINT('',(0.0282,0.0353789764466969,-0.0154787473931909));
#4704=CARTESIAN_POINT('',(0.0282,0.0589671055373236,-0.0154787473931909));
#4705=CARTESIAN_POINT('',(0.0291681415022206,0.0353789764466969,-0.0154787473931909));
#4706=CARTESIAN_POINT('',(0.0272,0.0353789764466969,-0.0154787473931909));
#4707=CARTESIAN_POINT('',(0.0272,0.034953976446697,-0.0154787473931909));
#4708=CARTESIAN_POINT('',(0.0272,0.034528976446697,-0.0154787473931909));
#4709=CARTESIAN_POINT('',(0.0291681415022206,0.034528976446697,-0.0154787473931909));
#4710=CARTESIAN_POINT('',(0.,0.03,-0.0154787473931909));
#4711=CARTESIAN_POINT('',(0.0325,0.03,-0.0154787473931909));
#4712=CARTESIAN_POINT('',(0.0325,-0.0109454057991505,-0.0154787473931909));
#4713=CARTESIAN_POINT('',(0.0325,-0.045,-0.0154787473931909));
#4714=CARTESIAN_POINT('',(0.04,-0.0375,-0.0154787473931909));
#4715=CARTESIAN_POINT('',(0.0315,-0.046,-0.0154787473931909));
#4716=CARTESIAN_POINT('',(0.,-0.046,-0.0154787473931909));
#4717=CARTESIAN_POINT('',(0.0285,-0.046,-0.0154787473931909));
#4718=CARTESIAN_POINT('',(0.0255,-0.049,-0.0154787473931909));
#4719=CARTESIAN_POINT('',(0.0225,-0.052,-0.0154787473931909));
#4720=CARTESIAN_POINT('',(0.0225,-0.0109454057991505,-0.0154787473931909));
#4721=CARTESIAN_POINT('',(0.0225,-0.0779454057991505,-0.0154787473931909));
#4722=CARTESIAN_POINT('',(0.0195,-0.0779454057991505,-0.0154787473931909));
#4723=CARTESIAN_POINT('',(0.0195,-0.0809454057991505,-0.0154787473931909));
#4724=CARTESIAN_POINT('',(0.,-0.0809454057991505,-0.0154787473931909));
#4725=CARTESIAN_POINT('',(-0.0195,-0.0809454057991505,-0.0154787473931909));
#4726=CARTESIAN_POINT('',(-0.0195,-0.0779454057991505,-0.0154787473931909));
#4727=CARTESIAN_POINT('',(-0.0225,-0.0779454057991505,-0.0154787473931909));
#4728=CARTESIAN_POINT('',(-0.0225,-0.0109454057991505,-0.0154787473931909));
#4729=CARTESIAN_POINT('',(-0.0225,-0.052,-0.0154787473931909));
#4730=CARTESIAN_POINT('',(-0.0255,-0.049,-0.0154787473931909));
#4731=CARTESIAN_POINT('',(-0.0285,-0.046,-0.0154787473931909));
#4732=CARTESIAN_POINT('',(0.,-0.046,-0.0154787473931909));
#4733=CARTESIAN_POINT('',(-0.0315,-0.046,-0.0154787473931909));
#4734=CARTESIAN_POINT('',(-0.04,-0.0375,-0.0154787473931909));
#4735=CARTESIAN_POINT('',(-0.0325,-0.045,-0.0154787473931909));
#4736=CARTESIAN_POINT('',(-0.0325,-0.0109454057991505,-0.0154787473931909));
#4737=CARTESIAN_POINT('',(-0.0325,0.03,-0.0154787473931909));
#4738=CARTESIAN_POINT('',(0.,0.03,-0.0154787473931909));
#4739=CARTESIAN_POINT('',(-0.03,0.03,-0.0154787473931909));
#4740=CARTESIAN_POINT('',(-0.03,-0.0109454057991505,-0.0154787473931909));
#4741=CARTESIAN_POINT('',(-0.03,0.034528976446697,-0.0154787473931909));
#4742=CARTESIAN_POINT('',(-0.0291681415022206,0.034528976446697,-0.0154787473931909));
#4743=CARTESIAN_POINT('',(-0.0272,0.034528976446697,-0.0154787473931909));
#4744=CARTESIAN_POINT('',(-0.0272,0.034953976446697,-0.0154787473931909));
#4745=CARTESIAN_POINT('',(-0.0272,0.0353789764466969,-0.0154787473931909));
#4746=CARTESIAN_POINT('',(-0.0291681415022206,0.0353789764466969,-0.0154787473931909));
#4747=CARTESIAN_POINT('',(-0.0282,0.0353789764466969,-0.0154787473931909));
#4748=CARTESIAN_POINT('',(-0.0282,-0.0109454057991505,-0.0154787473931909));
#4749=CARTESIAN_POINT('',(-0.0282,0.0589671055373236,-0.0154787473931909));
#4750=CARTESIAN_POINT('',(0.,0.0589671055373236,-0.0154787473931909));
#4751=CARTESIAN_POINT('',(-0.01765,0.0223,-0.0154787473931909));
#4752=CARTESIAN_POINT('',(-0.0159,0.0223,-0.0154787473931909));
#4753=CARTESIAN_POINT('',(0.01765,0.0223,-0.0154787473931909));
#4754=CARTESIAN_POINT('',(0.0194,0.0223,-0.0154787473931909));
#4755=CARTESIAN_POINT('',(0.,-0.077,-0.0154787473931909));
#4756=CARTESIAN_POINT('',(0.00175,-0.077,-0.0154787473931909));
#4757=CARTESIAN_POINT('',(-0.0175,-0.0593454057991505,-0.0154787473931909));
#4758=CARTESIAN_POINT('',(-0.0159,-0.0593454057991505,-0.0154787473931909));
#4759=CARTESIAN_POINT('',(-0.0175,-0.0705454057991505,-0.0154787473931909));
#4760=CARTESIAN_POINT('',(-0.0159,-0.0705454057991505,-0.0154787473931909));
#4761=CARTESIAN_POINT('',(0.0175,-0.0705454057991505,-0.0154787473931909));
#4762=CARTESIAN_POINT('',(0.0191,-0.0705454057991505,-0.0154787473931909));
#4763=CARTESIAN_POINT('',(0.0175,-0.0593454057991505,-0.0154787473931909));
#4764=CARTESIAN_POINT('',(0.0191,-0.0593454057991505,-0.0154787473931909));
#4765=CARTESIAN_POINT('',(0.005,-0.0649454057991505,-0.0154787473931909));
#4766=CARTESIAN_POINT('',(0.00605,-0.0649454057991505,-0.0154787473931909));
#4767=CARTESIAN_POINT('',(-0.005,-0.0649454057991505,-0.0154787473931909));
#4768=CARTESIAN_POINT('',(-0.00395,-0.0649454057991505,-0.0154787473931909));
#4769=CARTESIAN_POINT('',(0.00645,-0.0467772642969299,-0.0154787473931909));
#4770=CARTESIAN_POINT('',(0.00645,-0.0477454057991505,-0.0154787473931909));
#4771=CARTESIAN_POINT('',(0.00645,-0.0487454057991505,-0.0154787473931909));
#4772=CARTESIAN_POINT('',(0.,-0.0477454057991505,-0.0154787473931909));
#4773=CARTESIAN_POINT('',(0.01245,-0.0477454057991505,-0.0154787473931909));
#4774=CARTESIAN_POINT('',(0.01245,-0.0467772642969299,-0.0154787473931909));
#4775=CARTESIAN_POINT('',(0.01245,-0.0487454057991505,-0.0154787473931909));
#4776=CARTESIAN_POINT('',(0.012875,-0.0487454057991505,-0.0154787473931909));
#4777=CARTESIAN_POINT('',(0.0133,-0.0487454057991505,-0.0154787473931909));
#4778=CARTESIAN_POINT('',(0.0133,-0.0467772642969299,-0.0154787473931909));
#4779=CARTESIAN_POINT('',(0.0133,-0.0448091227947094,-0.0154787473931909));
#4780=CARTESIAN_POINT('',(0.012875,-0.0448091227947094,-0.0154787473931909));
#4781=CARTESIAN_POINT('',(-0.008025,-0.0189704057991504,-0.0154787473931909));
#4782=CARTESIAN_POINT('',(0.00895,-0.0359454057991505,-0.0154787473931909));
#4783=CARTESIAN_POINT('',(0.,-0.0359454057991505,-0.0154787473931909));
#4784=CARTESIAN_POINT('',(0.00595,-0.0359454057991505,-0.0154787473931909));
#4785=CARTESIAN_POINT('',(0.00595,-0.0109454057991505,-0.0154787473931909));
#4786=CARTESIAN_POINT('',(0.00595,-0.0448091227947094,-0.0154787473931909));
#4787=CARTESIAN_POINT('',(0.006025,-0.0448091227947094,-0.0154787473931909));
#4788=CARTESIAN_POINT('',(0.0056,-0.0448091227947094,-0.0154787473931909));
#4789=CARTESIAN_POINT('',(0.0056,-0.0467772642969299,-0.0154787473931909));
#4790=CARTESIAN_POINT('',(0.0056,-0.0487454057991505,-0.0154787473931909));
#4791=CARTESIAN_POINT('',(0.006025,-0.0487454057991505,-0.0154787473931909));
#4792=CARTESIAN_POINT('',(0.,-0.0359454057991505,-0.0146787473931909));
#4793=CARTESIAN_POINT('',(0.00895,-0.0359454057991505,-0.0146787473931909));
#4794=CARTESIAN_POINT('',(0.00595,-0.0359454057991505,-0.0146787473931909));
#4795=CARTESIAN_POINT('',(-0.022275,-0.0109454057991505,-0.0146787473931909));
#4796=CARTESIAN_POINT('',(-0.022275,-0.0448091227947094,-0.0146787473931909));
#4797=CARTESIAN_POINT('',(-0.022275,-0.0399454057991505,-0.0146787473931909));
#4798=CARTESIAN_POINT('',(0.,-0.0359454057991505,-0.0146787473931909));
#4799=CARTESIAN_POINT('',(-0.018275,-0.0359454057991505,-0.0154787473931909));
#4800=CARTESIAN_POINT('',(-0.03,0.0445272971004248,-0.0146787473931909));
#4801=CARTESIAN_POINT('',(-0.03,0.034528976446697,-0.0146787473931909));
#4802=CARTESIAN_POINT('',(-0.03,0.03,-0.0146787473931909));
#4803=CARTESIAN_POINT('',(-0.03125,0.03,-0.0146787473931909));
#4804=CARTESIAN_POINT('',(-0.0325,0.03,-0.0146787473931909));
#4805=CARTESIAN_POINT('',(-0.0325,-0.0075,-0.0146787473931909));
#4806=CARTESIAN_POINT('',(-0.0325,-0.045,-0.0146787473931909));
#4807=CARTESIAN_POINT('',(-0.04,-0.0375,-0.0146787473931909));
#4808=CARTESIAN_POINT('',(-0.0315,-0.046,-0.0146787473931909));
#4809=CARTESIAN_POINT('',(-0.029,-0.046,-0.0146787473931909));
#4810=CARTESIAN_POINT('',(-0.0285,-0.046,-0.0146787473931909));
#4811=CARTESIAN_POINT('',(-0.0255,-0.049,-0.0146787473931909));
#4812=CARTESIAN_POINT('',(-0.0225,-0.052,-0.0146787473931909));
#4813=CARTESIAN_POINT('',(-0.0225,-0.0649727028995752,-0.0146787473931909));
#4814=CARTESIAN_POINT('',(-0.0225,-0.0779454057991505,-0.0146787473931909));
#4815=CARTESIAN_POINT('',(-0.0195,-0.0779454057991505,-0.0146787473931909));
#4816=CARTESIAN_POINT('',(-0.0195,-0.0809454057991505,-0.0146787473931909));
#4817=CARTESIAN_POINT('',(6.93889390390723E-18,-0.0809454057991505,-0.0146787473931909));
#4818=CARTESIAN_POINT('',(0.0195,-0.0809454057991505,-0.0146787473931909));
#4819=CARTESIAN_POINT('',(0.0195,-0.0779454057991505,-0.0146787473931909));
#4820=CARTESIAN_POINT('',(0.0225,-0.0779454057991505,-0.0146787473931909));
#4821=CARTESIAN_POINT('',(0.0225,-0.0649727028995752,-0.0146787473931909));
#4822=CARTESIAN_POINT('',(0.0225,-0.052,-0.0146787473931909));
#4823=CARTESIAN_POINT('',(0.0255,-0.049,-0.0146787473931909));
#4824=CARTESIAN_POINT('',(0.0285,-0.046,-0.0146787473931909));
#4825=CARTESIAN_POINT('',(0.029,-0.046,-0.0146787473931909));
#4826=CARTESIAN_POINT('',(0.0315,-0.046,-0.0146787473931909));
#4827=CARTESIAN_POINT('',(0.04,-0.0375,-0.0146787473931909));
#4828=CARTESIAN_POINT('',(0.0325,-0.045,-0.0146787473931909));
#4829=CARTESIAN_POINT('',(0.0325,-0.0075,-0.0146787473931909));
#4830=CARTESIAN_POINT('',(0.0325,0.03,-0.0146787473931909));
#4831=CARTESIAN_POINT('',(0.03125,0.03,-0.0146787473931909));
#4832=CARTESIAN_POINT('',(-0.005,-0.0649454057991505,-0.0146787473931909));
#4833=CARTESIAN_POINT('',(0.005,-0.0649454057991505,-0.0146787473931909));
#4834=CARTESIAN_POINT('',(0.0175,-0.0593454057991505,-0.0146787473931909));
#4835=CARTESIAN_POINT('',(0.0175,-0.0705454057991505,-0.0146787473931909));
#4836=CARTESIAN_POINT('',(-0.0175,-0.0705454057991505,-0.0146787473931909));
#4837=CARTESIAN_POINT('',(-0.0175,-0.0593454057991505,-0.0146787473931909));
#4838=CARTESIAN_POINT('',(0.,-0.077,-0.0146787473931909));
#4839=CARTESIAN_POINT('',(0.01765,0.0223,-0.0146787473931909));
#4840=CARTESIAN_POINT('',(-0.01765,0.0223,-0.0146787473931909));
#4841=CARTESIAN_POINT('',(0.00595,-0.0109454057991505,-0.0146787473931909));
#4842=CARTESIAN_POINT('',(0.00595,-0.0448091227947094,-0.0146787473931909));
#4843=CARTESIAN_POINT('',(-0.022275,-0.0399454057991505,-0.0146787473931909));
#4844=CARTESIAN_POINT('',(0.00895,-0.0359454057991505,-0.0146787473931909));
#4845=CARTESIAN_POINT('',(0.01245,-0.0467772642969299,-0.0138787473931909));
#4846=CARTESIAN_POINT('',(0.01245,-0.0477454057991505,-0.0146787473931909));
#4847=CARTESIAN_POINT('',(0.01245,-0.0487454057991505,-0.0138787473931909));
#4848=CARTESIAN_POINT('',(0.012875,-0.0487454057991505,-0.0138787473931909));
#4849=CARTESIAN_POINT('',(0.0133,-0.0487454057991505,-0.0138787473931909));
#4850=CARTESIAN_POINT('',(0.0133,-0.0467772642969299,-0.0138787473931909));
#4851=CARTESIAN_POINT('',(0.0133,-0.0448091227947094,-0.0138787473931909));
#4852=CARTESIAN_POINT('',(0.012875,-0.0448091227947094,-0.0138787473931909));
#4853=CARTESIAN_POINT('',(-0.0291681415022206,0.034528976446697,-0.0138787473931909));
#4854=CARTESIAN_POINT('',(-0.0272,0.034528976446697,-0.0138787473931909));
#4855=CARTESIAN_POINT('',(-0.0272,0.034953976446697,-0.0138787473931909));
#4856=CARTESIAN_POINT('',(-0.0272,0.0353789764466969,-0.0138787473931909));
#4857=CARTESIAN_POINT('',(-0.0291681415022206,0.0353789764466969,-0.0138787473931909));
#4858=CARTESIAN_POINT('',(-0.0282,0.0353789764466969,-0.0146787473931909));
#4859=CARTESIAN_POINT('',(-0.015775,-0.0467772642969299,-0.0138787473931909));
#4860=CARTESIAN_POINT('',(-0.015775,-0.0477454057991505,-0.0146787473931909));
#4861=CARTESIAN_POINT('',(-0.015775,-0.0487454057991505,-0.0138787473931909));
#4862=CARTESIAN_POINT('',(-0.01535,-0.0487454057991505,-0.0138787473931909));
#4863=CARTESIAN_POINT('',(-0.014925,-0.0487454057991505,-0.0138787473931909));
#4864=CARTESIAN_POINT('',(-0.014925,-0.0467772642969299,-0.0138787473931909));
#4865=CARTESIAN_POINT('',(-0.014925,-0.0448091227947094,-0.0138787473931909));
#4866=CARTESIAN_POINT('',(-0.01535,-0.0448091227947094,-0.0138787473931909));
#4867=CARTESIAN_POINT('',(-0.021775,-0.0467772642969299,-0.0138787473931909));
#4868=CARTESIAN_POINT('',(-0.021775,-0.0487454057991505,-0.0138787473931909));
#4869=CARTESIAN_POINT('',(-0.021775,-0.0477454057991505,-0.0146787473931909));
#4870=CARTESIAN_POINT('',(-0.022625,-0.0467772642969299,-0.0138787473931909));
#4871=CARTESIAN_POINT('',(-0.022625,-0.0487454057991505,-0.0138787473931909));
#4872=CARTESIAN_POINT('',(-0.022625,-0.0448091227947094,-0.0138787473931909));
#4873=CARTESIAN_POINT('',(-0.0222,-0.0487454057991505,-0.0138787473931909));
#4874=CARTESIAN_POINT('',(-0.0222,-0.0448091227947094,-0.0138787473931909));
#4875=CARTESIAN_POINT('',(0.00645,-0.0467772642969299,-0.0138787473931909));
#4876=CARTESIAN_POINT('',(0.00645,-0.0487454057991505,-0.0138787473931909));
#4877=CARTESIAN_POINT('',(0.00645,-0.0477454057991505,-0.0146787473931909));
#4878=CARTESIAN_POINT('',(0.0056,-0.0467772642969299,-0.0138787473931909));
#4879=CARTESIAN_POINT('',(0.0056,-0.0487454057991505,-0.0138787473931909));
#4880=CARTESIAN_POINT('',(0.0056,-0.0448091227947094,-0.0138787473931909));
#4881=CARTESIAN_POINT('',(0.006025,-0.0487454057991505,-0.0138787473931909));
#4882=CARTESIAN_POINT('',(0.006025,-0.0448091227947094,-0.0138787473931909));
#4883=CARTESIAN_POINT('',(0.0291681415022206,0.0353789764466969,-0.0138787473931909));
#4884=CARTESIAN_POINT('',(0.0272,0.0353789764466969,-0.0138787473931909));
#4885=CARTESIAN_POINT('',(0.0282,0.0353789764466969,-0.0146787473931909));
#4886=CARTESIAN_POINT('',(0.0272,0.034953976446697,-0.0138787473931909));
#4887=CARTESIAN_POINT('',(0.0272,0.034528976446697,-0.0138787473931909));
#4888=CARTESIAN_POINT('',(0.0291681415022206,0.034528976446697,-0.0138787473931909));
#4889=CARTESIAN_POINT('',(-5.20417042793042E-18,0.0591407537149905,-0.0146635551462031));
#4890=CARTESIAN_POINT('',(-5.20417042793042E-18,0.0591407537149905,-0.0146635551462031));
#4891=CARTESIAN_POINT('',(0.0292,0.0591407537149905,-0.0146635551462031));
#4892=CARTESIAN_POINT('',(0.0282,0.0591407537149905,-0.0146635551462031));
#4893=CARTESIAN_POINT('',(0.0282,0.0591407537149905,-0.0146635551462031));
#4894=CARTESIAN_POINT('',(0.0282,0.0592796722571241,-0.0154514013486129));
#4895=CARTESIAN_POINT('',(-5.20417042793042E-18,0.0592796722571241,-0.0154514013486129));
#4896=CARTESIAN_POINT('',(0.0292,0.0592796722571241,-0.0154514013486129));
#4897=CARTESIAN_POINT('',(0.0292,0.0591407537149905,-0.0146635551462031));
#4898=CARTESIAN_POINT('',(0.03225,0.068820389193287,-0.0129567742479565));
#4899=CARTESIAN_POINT('',(-2.42861286636753E-17,0.0689593077354206,-0.0137446204503663));
#4900=CARTESIAN_POINT('',(0.0322511220650257,0.0689593077354206,-0.0137446204503663));
#4901=CARTESIAN_POINT('',(0.03,0.0689593077354206,-0.0137446204503663));
#4902=CARTESIAN_POINT('',(0.0322511220650256,0.068820389193287,-0.0129567742479565));
#4903=CARTESIAN_POINT('',(0.0322511220650256,0.068820389193287,-0.0129567742479565));
#4904=CARTESIAN_POINT('',(0.03225,0.068820389193287,-0.0129567742479565));
#4905=CARTESIAN_POINT('',(0.03,0.068820389193287,-0.0129567742479565));
#4906=CARTESIAN_POINT('',(0.03,0.068820389193287,-0.0129567742479565));
#4907=CARTESIAN_POINT('',(0.034,0.0730091608751819,-0.0122181807844109));
#4908=CARTESIAN_POINT('',(0.034,0.0730091608751819,-0.0122181807844109));
#4909=CARTESIAN_POINT('',(0.0342374448792681,0.0710199561026034,-0.0125689312559705));
#4910=CARTESIAN_POINT('',(0.0335,0.0771979325570767,-0.0114795873208652));
#4911=CARTESIAN_POINT('',(0.0342374448792681,0.0710199561026034,-0.0125689312559705));
#4912=CARTESIAN_POINT('',(0.0342374448792681,0.0711588746447369,-0.0133567774583803));
#4913=CARTESIAN_POINT('',(0.034,0.0731480794173154,-0.0130060269868206));
#4914=CARTESIAN_POINT('',(0.0335,0.0773368510992103,-0.012267433523275));
#4915=CARTESIAN_POINT('',(0.0335,0.0771979325570767,-0.0114795873208652));
#4916=CARTESIAN_POINT('',(0.03175,0.0813867042389715,-0.0107409938573196));
#4917=CARTESIAN_POINT('',(0.03175,0.0815256227811051,-0.0115288400597294));
#4918=CARTESIAN_POINT('',(0.0305097778296459,0.0844941984990692,-0.0110054000663763));
#4919=CARTESIAN_POINT('',(0.0305097778296459,0.0843552799569357,-0.0102175538639665));
#4920=CARTESIAN_POINT('',(0.0305097778296459,0.0843552799569357,-0.0102175538639665));
#4921=CARTESIAN_POINT('',(0.03175,0.0813867042389715,-0.0107409938573196));
#4922=CARTESIAN_POINT('',(-1.04083408558608E-17,0.0855754759208664,-0.010002400393774));
#4923=CARTESIAN_POINT('',(-2.42861286636753E-17,0.0857143944629999,-0.0107902465961837));
#4924=CARTESIAN_POINT('',(-0.0286602079856459,0.0857143944629999,-0.0107902465961837));
#4925=CARTESIAN_POINT('',(0.0286602079856459,0.0857143944629999,-0.0107902465961837));
#4926=CARTESIAN_POINT('',(-0.0286602079856459,0.0855754759208664,-0.010002400393774));
#4927=CARTESIAN_POINT('',(-0.0286602079856459,0.0855754759208664,-0.010002400393774));
#4928=CARTESIAN_POINT('',(-1.04083408558608E-17,0.0855754759208664,-0.010002400393774));
#4929=CARTESIAN_POINT('',(0.0286602079856459,0.0855754759208664,-0.010002400393774));
#4930=CARTESIAN_POINT('',(0.0286602079856459,0.0855754759208664,-0.010002400393774));
#4931=CARTESIAN_POINT('',(-0.03175,0.0813867042389715,-0.0107409938573196));
#4932=CARTESIAN_POINT('',(-0.03175,0.0813867042389715,-0.0107409938573196));
#4933=CARTESIAN_POINT('',(-0.0335,0.0771979325570767,-0.0114795873208652));
#4934=CARTESIAN_POINT('',(-0.0305097778296459,0.0843552799569357,-0.0102175538639665));
#4935=CARTESIAN_POINT('',(-0.0305097778296459,0.0843552799569357,-0.0102175538639665));
#4936=CARTESIAN_POINT('',(-0.0305097778296459,0.0844941984990692,-0.0110054000663763));
#4937=CARTESIAN_POINT('',(-0.03175,0.0815256227811051,-0.0115288400597294));
#4938=CARTESIAN_POINT('',(-0.0335,0.0773368510992103,-0.012267433523275));
#4939=CARTESIAN_POINT('',(-0.0335,0.0771979325570767,-0.0114795873208652));
#4940=CARTESIAN_POINT('',(-0.034,0.0730091608751819,-0.0122181807844109));
#4941=CARTESIAN_POINT('',(-0.034,0.0731480794173154,-0.0130060269868206));
#4942=CARTESIAN_POINT('',(-0.0342374448792682,0.0711588746447369,-0.0133567774583803));
#4943=CARTESIAN_POINT('',(-0.0342374448792682,0.0710199561026034,-0.0125689312559705));
#4944=CARTESIAN_POINT('',(-0.0342374448792682,0.0710199561026034,-0.0125689312559705));
#4945=CARTESIAN_POINT('',(-0.034,0.0730091608751819,-0.0122181807844109));
#4946=CARTESIAN_POINT('',(-0.03225,0.068820389193287,-0.0129567742479565));
#4947=CARTESIAN_POINT('',(-0.03225,0.068820389193287,-0.0129567742479565));
#4948=CARTESIAN_POINT('',(-0.0322511220650257,0.068820389193287,-0.0129567742479565));
#4949=CARTESIAN_POINT('',(-0.03,0.068820389193287,-0.0129567742479565));
#4950=CARTESIAN_POINT('',(-0.0322511220650257,0.068820389193287,-0.0129567742479565));
#4951=CARTESIAN_POINT('',(-0.0322511220650257,0.0689593077354206,-0.0137446204503663));
#4952=CARTESIAN_POINT('',(-2.42861286636753E-17,0.0689593077354206,-0.0137446204503663));
#4953=CARTESIAN_POINT('',(-0.03,0.0689593077354206,-0.0137446204503663));
#4954=CARTESIAN_POINT('',(-0.03,0.068820389193287,-0.0129567742479565));
#4955=CARTESIAN_POINT('',(-0.03,0.0723150350608579,-0.0123405738934824));
#4956=CARTESIAN_POINT('',(-0.03,0.0724539536029915,-0.0131284200958922));
#4957=CARTESIAN_POINT('',(-0.03,0.0592796722571241,-0.0154514013486129));
#4958=CARTESIAN_POINT('',(-0.03,0.0591407537149905,-0.0146635551462031));
#4959=CARTESIAN_POINT('',(-0.03,0.0591407537149905,-0.0146635551462031));
#4960=CARTESIAN_POINT('',(-0.03,0.0723150350608579,-0.0123405738934824));
#4961=CARTESIAN_POINT('',(-5.20417042793042E-18,0.0591407537149905,-0.0146635551462031));
#4962=CARTESIAN_POINT('',(-5.20417042793042E-18,0.0592796722571241,-0.0154514013486129));
#4963=CARTESIAN_POINT('',(-0.0292,0.0592796722571241,-0.0154514013486129));
#4964=CARTESIAN_POINT('',(-0.0292,0.0591407537149905,-0.0146635551462031));
#4965=CARTESIAN_POINT('',(-0.0292,0.0591407537149905,-0.0146635551462031));
#4966=CARTESIAN_POINT('',(-5.20417042793042E-18,0.0591407537149905,-0.0146635551462031));
#4967=CARTESIAN_POINT('',(-5.20417042793042E-18,0.0591407537149905,-0.0146635551462031));
#4968=CARTESIAN_POINT('',(-0.0282,0.0591407537149905,-0.0146635551462031));
#4969=CARTESIAN_POINT('',(-0.0282,0.0591407537149905,-0.0146635551462031));
#4970=CARTESIAN_POINT('',(-0.0282,0.0592796722571241,-0.0154514013486129));
#4971=CARTESIAN_POINT('',(-5.20417042793042E-18,0.0591407537149905,-0.0146635551462031));
#4972=CARTESIAN_POINT('',(-5.20417042793042E-18,0.0592796722571241,-0.0154514013486129));
#4973=CARTESIAN_POINT('',(-5.20417042793042E-18,0.0591407537149905,-0.0146635551462031));
#4974=CARTESIAN_POINT('',(-5.20417042793042E-18,0.0592796722571241,-0.0154514013486129));
#4975=CARTESIAN_POINT('',(0.03,0.0592796722571241,-0.0154514013486129));
#4976=CARTESIAN_POINT('',(0.03,0.0591407537149905,-0.0146635551462031));
#4977=CARTESIAN_POINT('',(0.03,0.0591407537149905,-0.0146635551462031));
#4978=CARTESIAN_POINT('',(-5.20417042793042E-18,0.0591407537149905,-0.0146635551462031));
#4979=CARTESIAN_POINT('',(0.01765,0.0813028938325874,-0.0107557718932293));
#4980=CARTESIAN_POINT('',(0.01765,0.0813028938325874,-0.0107557718932293));
#4981=CARTESIAN_POINT('',(0.01765,0.079579480264816,-0.0110596562041464));
#4982=CARTESIAN_POINT('',(0.01765,0.0814418123747209,-0.011543618095639));
#4983=CARTESIAN_POINT('',(0.01765,0.0797183988069495,-0.0118475024065562));
#4984=CARTESIAN_POINT('',(-0.01765,0.0813028938325874,-0.0107557718932293));
#4985=CARTESIAN_POINT('',(-0.01765,0.0813028938325874,-0.0107557718932293));
#4986=CARTESIAN_POINT('',(-0.01765,0.079579480264816,-0.0110596562041464));
#4987=CARTESIAN_POINT('',(-0.01765,0.0814418123747209,-0.011543618095639));
#4988=CARTESIAN_POINT('',(-0.01765,0.0797183988069495,-0.0118475024065562));
#4989=CARTESIAN_POINT('',(0.03,0.0723150350608579,-0.0123405738934824));
#4990=CARTESIAN_POINT('',(0.03,0.0724539536029915,-0.0131284200958922));
#4991=CARTESIAN_POINT('',(0.03,0.0723150350608579,-0.0123405738934824));
#4992=CARTESIAN_POINT('',(-2.42861286636753E-17,0.072315035060858,-0.0123405738934824));
#4993=CARTESIAN_POINT('',(-0.0286602079856459,0.0836058604148419,-0.0103496967491078));
#4994=CARTESIAN_POINT('',(-0.0322511220650257,0.0707900046993114,-0.0126094778926227));
#4995=CARTESIAN_POINT('',(0.,0.0591407537149906,-0.0146635551462031));
#4996=CARTESIAN_POINT('',(0.0322511220650256,0.0707900046993114,-0.0126094778926227));
#4997=CARTESIAN_POINT('',(0.0286602079856459,0.0836058604148419,-0.0103496967491078));
#4998=CARTESIAN_POINT('',(-2.42861286636753E-17,0.0724539536029915,-0.0131284200958922));
#4999=CARTESIAN_POINT('',(-0.0286602079856459,0.0837447789569755,-0.0111375429515176));
#5000=CARTESIAN_POINT('',(0.0286602079856459,0.0837447789569755,-0.0111375429515176));
#5001=CARTESIAN_POINT('',(0.0322511220650256,0.070928923241445,-0.0133973240950324));
#5002=CARTESIAN_POINT('',(0.,0.0592796722571241,-0.0154514013486129));
#5003=CARTESIAN_POINT('',(-0.0322511220650257,0.070928923241445,-0.0133973240950324));
#5004=CARTESIAN_POINT('',(-0.0286602079856459,0.0836058604148419,-0.0103496967491078));
#5005=CARTESIAN_POINT('',(0.0286602079856459,0.0836058604148419,-0.0103496967491078));
#5006=CARTESIAN_POINT('',(0.0322511220650256,0.0707900046993114,-0.0126094778926227));
#5007=CARTESIAN_POINT('',(-0.0322511220650257,0.0707900046993114,-0.0126094778926227));
#5008=CARTESIAN_POINT('',(-0.0282,0.0589671055373236,-0.0136787473931909));
#5009=CARTESIAN_POINT('',(-0.0282,0.0589671055373236,-0.0146787473931909));
#5010=CARTESIAN_POINT('',(-0.0282,0.0589671055373236,-0.0136787473931909));
#5011=CARTESIAN_POINT('',(-0.0282,0.0589671055373236,-0.0136787473931909));
#5012=CARTESIAN_POINT('',(0.0282,0.0589671055373236,-0.0136787473931909));
#5013=CARTESIAN_POINT('',(0.0282,0.0589671055373236,-0.0136787473931909));
#5014=CARTESIAN_POINT('',(0.0282,0.0589671055373236,-0.0146787473931909));
#5015=CARTESIAN_POINT('',(0.0282,0.0589671055373236,-0.0136787473931909));
#5016=CARTESIAN_POINT('',(0.,0.0589671055373236,-0.0136787473931909));
#5017=CARTESIAN_POINT('',(0.,0.0589671055373236,-0.0136787473931909));
#5018=CARTESIAN_POINT('',(0.0292,0.0469835527686618,-0.000478747393190862));
#5019=CARTESIAN_POINT('',(0.0292,0.050670389193287,-0.000478747393190862));
#5020=CARTESIAN_POINT('',(0.03,0.050670389193287,-0.000478747393190862));
#5021=CARTESIAN_POINT('',(0.0292,0.050670389193287,-0.000478747393190862));
#5022=CARTESIAN_POINT('',(0.03,0.0469835527686618,-0.000478747393190862));
#5023=CARTESIAN_POINT('',(0.03,0.060970389193287,-0.000478747393190862));
#5024=CARTESIAN_POINT('',(0.0292,0.060970389193287,-0.000478747393190862));
#5025=CARTESIAN_POINT('',(0.0292,0.060970389193287,-0.000478747393190862));
#5026=CARTESIAN_POINT('',(0.0292,0.0469835527686618,-0.000478747393190862));
#5027=CARTESIAN_POINT('',(0.0292,0.0469835527686618,-0.00757874739319086));
#5028=CARTESIAN_POINT('',(0.0292,0.050670389193287,-0.00757874739319086));
#5029=CARTESIAN_POINT('',(0.0292,0.050670389193287,-0.00147874739319086));
#5030=CARTESIAN_POINT('',(0.0292,0.060970389193287,-0.00757874739319084));
#5031=CARTESIAN_POINT('',(0.0292,0.060970389193287,-0.00147874739319086));
#5032=CARTESIAN_POINT('',(0.0292,0.061395389193287,-0.00147874739319086));
#5033=CARTESIAN_POINT('',(0.0292,0.061820389193287,-0.00147874739319086));
#5034=CARTESIAN_POINT('',(0.0292,0.061820389193287,-0.00757874739319086));
#5035=CARTESIAN_POINT('',(0.0292,0.061820389193287,-0.000478747393190862));
#5036=CARTESIAN_POINT('',(0.0292,0.0469835527686618,-0.000478747393190862));
#5037=CARTESIAN_POINT('',(0.0292,0.067820389193287,-0.000478747393190862));
#5038=CARTESIAN_POINT('',(0.0292,0.067820389193287,-0.00629821100498505));
#5039=CARTESIAN_POINT('',(0.0292,0.067820389193287,-0.0121176746167792));
#5040=CARTESIAN_POINT('',(0.0292,0.0633937473653053,-0.012898211004985));
#5041=CARTESIAN_POINT('',(0.0292,0.0589671055373236,-0.0136787473931909));
#5042=CARTESIAN_POINT('',(0.0292,-0.0109454057991505,-0.0136787473931909));
#5043=CARTESIAN_POINT('',(0.0292,0.0353789764466969,-0.0136787473931909));
#5044=CARTESIAN_POINT('',(0.0292,0.0409214980087307,-0.00407881844570238));
#5045=CARTESIAN_POINT('',(0.0292,0.043,-0.000478747393190862));
#5046=CARTESIAN_POINT('',(0.0292,0.0469835527686618,-0.000478747393190862));
#5047=CARTESIAN_POINT('',(0.0292,0.049820389193287,-0.000478747393190861));
#5048=CARTESIAN_POINT('',(0.0292,0.049820389193287,-0.00757874739319086));
#5049=CARTESIAN_POINT('',(0.0292,0.049820389193287,-0.00147874739319086));
#5050=CARTESIAN_POINT('',(0.0292,0.050245389193287,-0.00147874739319086));
#5051=CARTESIAN_POINT('',(0.0292,0.0445545942008495,-0.00817874739319086));
#5052=CARTESIAN_POINT('',(0.0292,0.0445545942008495,-0.00742874739319086));
#5053=CARTESIAN_POINT('',(0.0292,0.0535545942008495,-0.00817874739319086));
#5054=CARTESIAN_POINT('',(0.0292,0.0535545942008495,-0.00742874739319086));
#5055=CARTESIAN_POINT('',(0.0292,0.0490545942008495,-0.00817874739319086));
#5056=CARTESIAN_POINT('',(0.0292,0.0490545942008495,-0.00612874739319086));
#5057=CARTESIAN_POINT('',(0.03,0.0469835527686618,-0.00757874739319086));
#5058=CARTESIAN_POINT('',(0.03,0.050670389193287,0.000489394109029671));
#5059=CARTESIAN_POINT('',(0.03,0.050670389193287,-0.00147874739319086));
#5060=CARTESIAN_POINT('',(0.03,0.050245389193287,-0.00147874739319086));
#5061=CARTESIAN_POINT('',(0.03,0.049820389193287,-0.00147874739319086));
#5062=CARTESIAN_POINT('',(0.03,0.049820389193287,0.000489394109029671));
#5063=CARTESIAN_POINT('',(0.03,0.049820389193287,-0.000478747393190861));
#5064=CARTESIAN_POINT('',(0.03,0.0469835527686618,-0.000478747393190862));
#5065=CARTESIAN_POINT('',(0.03,0.043,-0.00047874739319086));
#5066=CARTESIAN_POINT('',(0.03,0.0409214980087307,-0.00407881844570238));
#5067=CARTESIAN_POINT('',(0.03,0.0353789764466969,-0.0136787473931909));
#5068=CARTESIAN_POINT('',(0.03,-0.0109454057991505,-0.0136787473931909));
#5069=CARTESIAN_POINT('',(0.03,0.0589671055373236,-0.0136787473931909));
#5070=CARTESIAN_POINT('',(0.03,0.0633937473653053,-0.012898211004985));
#5071=CARTESIAN_POINT('',(0.03,0.067820389193287,-0.0121176746167792));
#5072=CARTESIAN_POINT('',(0.03,0.067820389193287,-0.00757874739319086));
#5073=CARTESIAN_POINT('',(0.03,0.067820389193287,-0.000478747393190862));
#5074=CARTESIAN_POINT('',(0.03,0.0469835527686618,-0.000478747393190862));
#5075=CARTESIAN_POINT('',(0.03,0.061820389193287,-0.000478747393190862));
#5076=CARTESIAN_POINT('',(0.03,0.061820389193287,0.000489394109029671));
#5077=CARTESIAN_POINT('',(0.03,0.061820389193287,-0.00147874739319086));
#5078=CARTESIAN_POINT('',(0.03,0.061395389193287,-0.00147874739319086));
#5079=CARTESIAN_POINT('',(0.03,0.060970389193287,-0.00147874739319086));
#5080=CARTESIAN_POINT('',(0.03,0.060970389193287,0.000489394109029671));
#5081=CARTESIAN_POINT('',(0.03,0.0445545942008495,-0.00817874739319086));
#5082=CARTESIAN_POINT('',(0.03,0.0445545942008495,-0.00742874739319086));
#5083=CARTESIAN_POINT('',(0.03,0.0535545942008495,-0.00817874739319086));
#5084=CARTESIAN_POINT('',(0.03,0.0535545942008495,-0.00742874739319086));
#5085=CARTESIAN_POINT('',(0.03,0.0490545942008495,-0.00817874739319086));
#5086=CARTESIAN_POINT('',(0.03,0.0490545942008495,-0.00612874739319086));
#5087=CARTESIAN_POINT('',(0.0292,0.067820389193287,-0.00629821100498505));
#5088=CARTESIAN_POINT('',(0.0292,0.067820389193287,-0.000478747393190862));
#5089=CARTESIAN_POINT('',(0.0292,0.067820389193287,-0.0121176746167792));
#5090=CARTESIAN_POINT('',(0.0292,0.0633937473653053,-0.012898211004985));
#5091=CARTESIAN_POINT('',(0.0292,0.0589671055373236,-0.0136787473931909));
#5092=CARTESIAN_POINT('',(0.0292,0.0409214980087307,-0.00407881844570238));
#5093=CARTESIAN_POINT('',(0.0292,0.0353789764466969,-0.0136787473931909));
#5094=CARTESIAN_POINT('',(0.0292,0.043,-0.000478747393190862));
#5095=CARTESIAN_POINT('',(0.0292,0.0445545942008495,-0.00817874739319086));
#5096=CARTESIAN_POINT('',(0.0292,0.0535545942008495,-0.00817874739319086));
#5097=CARTESIAN_POINT('',(0.0292,0.0490545942008495,-0.00817874739319086));
#5098=CARTESIAN_POINT('',(0.0284,0.061820389193287,0.000489394109029671));
#5099=CARTESIAN_POINT('',(0.0284,0.061820389193287,-0.00147874739319086));
#5100=CARTESIAN_POINT('',(0.0292,0.061820389193287,-0.000478747393190862));
#5101=CARTESIAN_POINT('',(0.0284,0.061395389193287,-0.00147874739319086));
#5102=CARTESIAN_POINT('',(0.0284,0.060970389193287,-0.00147874739319086));
#5103=CARTESIAN_POINT('',(0.0284,0.060970389193287,0.000489394109029671));
#5104=CARTESIAN_POINT('',(0.0284,0.050670389193287,0.000489394109029671));
#5105=CARTESIAN_POINT('',(0.0284,0.050670389193287,-0.00147874739319086));
#5106=CARTESIAN_POINT('',(0.0284,0.050245389193287,-0.00147874739319086));
#5107=CARTESIAN_POINT('',(0.0284,0.049820389193287,-0.00147874739319086));
#5108=CARTESIAN_POINT('',(0.0284,0.049820389193287,0.000489394109029671));
#5109=CARTESIAN_POINT('',(0.0292,0.049820389193287,-0.000478747393190862));
#5110=CARTESIAN_POINT('',(0.0236,0.0466988697312383,0.000521252606809139));
#5111=CARTESIAN_POINT('',(0.0236,0.0435773502691896,0.000521252606809139));
#5112=CARTESIAN_POINT('',(0.0236,0.0435773502691896,0.00132125260680914));
#5113=CARTESIAN_POINT('',(0.0236,0.0435773502691896,0.000521252606809139));
#5114=CARTESIAN_POINT('',(0.0236,0.0466988697312383,0.00132125260680914));
#5115=CARTESIAN_POINT('',(0.0236,0.049820389193287,0.00132125260680914));
#5116=CARTESIAN_POINT('',(0.0236,0.049820389193287,0.000521252606809139));
#5117=CARTESIAN_POINT('',(0.0236,0.049820389193287,0.000521252606809139));
#5118=CARTESIAN_POINT('',(0.0236,0.0466988697312383,0.000521252606809139));
#5119=CARTESIAN_POINT('',(0.0264,0.049820389193287,0.000521252606809139));
#5120=CARTESIAN_POINT('',(0.0264,0.049820389193287,0.00132125260680914));
#5121=CARTESIAN_POINT('',(0.0282,0.049820389193287,0.00132125260680914));
#5122=CARTESIAN_POINT('',(0.0282,0.049820389193287,0.000521252606809138));
#5123=CARTESIAN_POINT('',(0.0282,0.049820389193287,0.000521252606809138));
#5124=CARTESIAN_POINT('',(0.0264,0.049820389193287,0.000521252606809139));
#5125=CARTESIAN_POINT('',(0.026,0.0466988697312383,0.000521252606809139));
#5126=CARTESIAN_POINT('',(0.026,0.0466988697312383,0.000521252606809139));
#5127=CARTESIAN_POINT('',(0.0248,0.0466988697312383,0.000521252606809139));
#5128=CARTESIAN_POINT('',(0.026,0.0466988697312383,0.00132125260680914));
#5129=CARTESIAN_POINT('',(0.0248,0.0466988697312383,0.00132125260680914));
#5130=CARTESIAN_POINT('',(0.0264,0.0435773502691896,0.000521252606809139));
#5131=CARTESIAN_POINT('',(0.0264,0.0435773502691896,0.00132125260680914));
#5132=CARTESIAN_POINT('',(0.0282,0.0435773502691896,0.00132125260680914));
#5133=CARTESIAN_POINT('',(0.0264,0.0435773502691896,0.000521252606809139));
#5134=CARTESIAN_POINT('',(0.0282,0.0435773502691896,0.000521252606809138));
#5135=CARTESIAN_POINT('',(0.0282,0.0435773502691896,0.000521252606809138));
#5136=CARTESIAN_POINT('',(0.0264,0.0466988697312383,0.000521252606809139));
#5137=CARTESIAN_POINT('',(0.0282,0.0466988697312383,0.000521252606809138));
#5138=CARTESIAN_POINT('',(0.0264,0.0466988697312383,0.00132125260680914));
#5139=CARTESIAN_POINT('',(0.0282,0.0466988697312383,0.00132125260680914));
#5140=CARTESIAN_POINT('',(0.0282,0.049820389193287,-0.000478747393190862));
#5141=CARTESIAN_POINT('',(0.0282,0.049820389193287,-0.000478747393190862));
#5142=CARTESIAN_POINT('',(0.0282,0.049820389193287,-0.000478747393190862));
#5143=CARTESIAN_POINT('',(0.03,0.043,-0.00047874739319086));
#5144=CARTESIAN_POINT('',(0.03,0.0430584505119587,-0.000345352740163243));
#5145=CARTESIAN_POINT('',(0.0299851977442318,0.0431114524138679,-0.000220003996793979));
#5146=CARTESIAN_POINT('',(0.0299484821183621,0.0431828874796353,-4.71456501852083E-5));
#5147=CARTESIAN_POINT('',(0.0299338217505352,0.0432053486965984,7.96561603674069E-6));
#5148=CARTESIAN_POINT('',(0.029909098173436,0.0432370148146043,8.67084296217647E-5));
#5149=CARTESIAN_POINT('',(0.0299004008728932,0.0432472325693664,0.000112303583064785));
#5150=CARTESIAN_POINT('',(0.0298867771244669,0.0432620527746499,0.000149710265400697));
#5151=CARTESIAN_POINT('',(0.0298821395295199,0.0432669084386011,0.000162014900925001));
#5152=CARTESIAN_POINT('',(0.0298750514861422,0.043274065327813,0.000180225252187192));
#5153=CARTESIAN_POINT('',(0.0298726668601327,0.0432764298564311,0.000186254273647964));
#5154=CARTESIAN_POINT('',(0.0298690585842749,0.0432799449976796,0.000195236176883055));
#5155=CARTESIAN_POINT('',(0.0298678506026521,0.0432811114361493,0.000198219873415697));
#5156=CARTESIAN_POINT('',(0.0298654244544447,0.0432834337625291,0.000204166729786354));
#5157=CARTESIAN_POINT('',(0.0298644703812392,0.0432843412145889,0.000206492311808055));
#5158=CARTESIAN_POINT('',(0.0298153920315153,0.0433305098144491,0.000324977929330318));
#5159=CARTESIAN_POINT('',(0.0297571483980508,0.0433703995815934,0.000431839229617138));
#5160=CARTESIAN_POINT('',(0.0296581702623752,0.0434229145559571,0.000578233812281589));
#5161=CARTESIAN_POINT('',(0.0296232418334815,0.0434391996013528,0.00062472991979593));
#5162=CARTESIAN_POINT('',(0.0295684757834138,0.0434617972503581,0.000690908070790805));
#5163=CARTESIAN_POINT('',(0.0295498246873366,0.0434690248135119,0.000712373887358645));
#5164=CARTESIAN_POINT('',(0.029521318764962,0.0434794086784704,0.000743674738987575));
#5165=CARTESIAN_POINT('',(0.0295117285626458,0.0434827937201612,0.000753958754649748));
#5166=CARTESIAN_POINT('',(0.0294923822314632,0.0434894113102856,0.000774226843089739));
#5167=CARTESIAN_POINT('',(0.0294833818856655,0.043492401281572,0.000783455133415246));
#5168=CARTESIAN_POINT('',(0.0293033573336609,0.0435501822237543,0.000963479685419777));
#5169=CARTESIAN_POINT('',(0.0291012695116694,0.0435841690977583,0.00109707930796994));
#5170=CARTESIAN_POINT('',(0.0286653031919139,0.0436113524673135,0.00127596325656051));
#5171=CARTESIAN_POINT('',(0.0284316068040276,0.0436045472015255,0.00132125260680914));
#5172=CARTESIAN_POINT('',(0.0282,0.0435773502691896,0.00132125260680914));
#5173=CARTESIAN_POINT('',(0.0292,0.043,-0.000478747393190861));
#5174=CARTESIAN_POINT('',(0.0292,0.0430584443178062,-0.000404647106051992));
#5175=CARTESIAN_POINT('',(0.0291917765245732,0.0431114524138679,-0.000335001061859261));
#5176=CARTESIAN_POINT('',(0.0291713789546455,0.0431828874796353,-0.00023896864707661));
#5177=CARTESIAN_POINT('',(0.0291632343058529,0.0432053486965984,-0.000208351276953305));
#5178=CARTESIAN_POINT('',(0.0291494989852423,0.0432370148146043,-0.000164605269406069));
#5179=CARTESIAN_POINT('',(0.0291446671516074,0.0432472325693664,-0.000150385739715502));
#5180=CARTESIAN_POINT('',(0.0291370984024816,0.0432620527746499,-0.000129604249528884));
#5181=CARTESIAN_POINT('',(0.0291345219608444,0.0432669084386011,-0.000122768340904271));
#5182=CARTESIAN_POINT('',(0.0291305841589679,0.043274065327813,-0.000112651479091943));
#5183=CARTESIAN_POINT('',(0.0291292593667404,0.0432764298564311,-0.000109302022724847));
#5184=CARTESIAN_POINT('',(0.0291272547690416,0.0432799449976796,-0.00010431207648313));
#5185=CARTESIAN_POINT('',(0.0291265836681401,0.0432811114361493,-0.000102654467298329));
#5186=CARTESIAN_POINT('',(0.0291252358080248,0.0432834337625291,-9.935065820352E-5));
#5187=CARTESIAN_POINT('',(0.0291247057673551,0.0432843412145889,-9.80586681914638E-5));
#5188=CARTESIAN_POINT('',(0.0290974400175085,0.0433305098144491,-3.22333251235399E-5));
#5189=CARTESIAN_POINT('',(0.0290650824433616,0.0433703995815934,2.7134063924694E-5));
#5190=CARTESIAN_POINT('',(0.0290100945902084,0.0434229145559571,0.000108464387627166));
#5191=CARTESIAN_POINT('',(0.0289906899074898,0.0434391996013528,0.000134295558468467));
#5192=CARTESIAN_POINT('',(0.0289602643241187,0.0434617972503581,0.000171061197910065));
#5193=CARTESIAN_POINT('',(0.0289499026040759,0.0434690248135119,0.000182986651558864));
#5194=CARTESIAN_POINT('',(0.0289340659805345,0.0434794086784704,0.000200376013574936));
#5195=CARTESIAN_POINT('',(0.0289287380903588,0.0434827937201612,0.000206089355609478));
#5196=CARTESIAN_POINT('',(0.0289179901285907,0.0434894113102856,0.000217349404742805));
#5197=CARTESIAN_POINT('',(0.0289129899364808,0.043492401281572,0.000222476232701421));
#5198=CARTESIAN_POINT('',(0.0288129762964783,0.0435501822237543,0.000322489872703938));
#5199=CARTESIAN_POINT('',(0.0287007052842608,0.0435841690977583,0.000396711885231805));
#5200=CARTESIAN_POINT('',(0.0284585017732855,0.0436113524673135,0.000496091856671009));
#5201=CARTESIAN_POINT('',(0.0283286706930619,0.0436045472536026,0.000521252606809138));
#5202=CARTESIAN_POINT('',(0.0282,0.0435773502691896,0.000521252606809138));
#5203=CARTESIAN_POINT('',(0.0292,0.043,-0.000478747393190861));
#5204=CARTESIAN_POINT('',(0.0292,0.0431168543003716,-0.00033059035182278));
#5205=CARTESIAN_POINT('',(0.029147662628598,0.0432923006241314,-9.41198545434106E-5));
#5206=CARTESIAN_POINT('',(0.0288527231171002,0.0435907103831562,0.000363268289756453));
#5207=CARTESIAN_POINT('',(0.028457357559384,0.0436317476565399,0.000521252606809138));
#5208=CARTESIAN_POINT('',(0.0282,0.0435773502691896,0.000521252606809138));
#5209=CARTESIAN_POINT('',(0.03,0.043,-0.000478747393190861));
#5210=CARTESIAN_POINT('',(0.03,0.0430584271501858,-0.000345406055959588));
#5211=CARTESIAN_POINT('',(0.0299673530072935,0.0431665469089737,-8.91036816086982E-5));
#5212=CARTESIAN_POINT('',(0.0298785884363845,0.04328389983959,0.000201381375241029));
#5213=CARTESIAN_POINT('',(0.0296961921982906,0.0434122953110837,0.000544074891042404));
#5214=CARTESIAN_POINT('',(0.029412763421977,0.0435284033004257,0.000883885394919173));
#5215=CARTESIAN_POINT('',(0.0288960513027906,0.0436198961486083,0.00123532918468928));
#5216=CARTESIAN_POINT('',(0.0284316218034456,0.0436045489628647,0.00132125260680914));
#5217=CARTESIAN_POINT('',(0.0282,0.0435773502691896,0.00132125260680914));
#5218=CARTESIAN_POINT('',(0.0282,0.0466988697312383,-0.000478747393190862));
#5219=CARTESIAN_POINT('',(0.0282,0.0466988697312383,-0.000478747393190862));
#5220=CARTESIAN_POINT('',(0.0236,0.064820389193287,0.000521252606809139));
#5221=CARTESIAN_POINT('',(0.0236,0.061820389193287,0.000521252606809139));
#5222=CARTESIAN_POINT('',(0.0236,0.061820389193287,0.00132125260680914));
#5223=CARTESIAN_POINT('',(0.0236,0.061820389193287,0.000521252606809139));
#5224=CARTESIAN_POINT('',(0.0236,0.064820389193287,0.00132125260680914));
#5225=CARTESIAN_POINT('',(0.0236,0.067820389193287,0.00132125260680914));
#5226=CARTESIAN_POINT('',(0.0236,0.067820389193287,0.000521252606809139));
#5227=CARTESIAN_POINT('',(0.0236,0.067820389193287,0.000521252606809139));
#5228=CARTESIAN_POINT('',(0.0236,0.064820389193287,0.000521252606809139));
#5229=CARTESIAN_POINT('',(0.0264,0.067820389193287,0.000521252606809139));
#5230=CARTESIAN_POINT('',(0.0264,0.067820389193287,0.00132125260680914));
#5231=CARTESIAN_POINT('',(0.0282,0.067820389193287,0.00132125260680914));
#5232=CARTESIAN_POINT('',(0.0282,0.067820389193287,0.000521252606809138));
#5233=CARTESIAN_POINT('',(0.0282,0.067820389193287,0.000521252606809139));
#5234=CARTESIAN_POINT('',(0.0264,0.067820389193287,0.000521252606809139));
#5235=CARTESIAN_POINT('',(0.026,0.064820389193287,0.000521252606809139));
#5236=CARTESIAN_POINT('',(0.026,0.064820389193287,0.000521252606809139));
#5237=CARTESIAN_POINT('',(0.0248,0.064820389193287,0.000521252606809139));
#5238=CARTESIAN_POINT('',(0.026,0.064820389193287,0.00132125260680914));
#5239=CARTESIAN_POINT('',(0.0248,0.064820389193287,0.00132125260680914));
#5240=CARTESIAN_POINT('',(0.0264,0.061820389193287,0.000521252606809139));
#5241=CARTESIAN_POINT('',(0.0264,0.061820389193287,0.00132125260680914));
#5242=CARTESIAN_POINT('',(0.0282,0.061820389193287,0.00132125260680914));
#5243=CARTESIAN_POINT('',(0.0264,0.061820389193287,0.000521252606809139));
#5244=CARTESIAN_POINT('',(0.0282,0.061820389193287,0.000521252606809138));
#5245=CARTESIAN_POINT('',(0.0282,0.061820389193287,0.000521252606809138));
#5246=CARTESIAN_POINT('',(0.0264,0.064820389193287,0.000521252606809139));
#5247=CARTESIAN_POINT('',(0.0282,0.064820389193287,0.000521252606809138));
#5248=CARTESIAN_POINT('',(0.0264,0.064820389193287,0.00132125260680914));
#5249=CARTESIAN_POINT('',(0.0282,0.064820389193287,0.00132125260680914));
#5250=CARTESIAN_POINT('',(0.0282,0.067820389193287,-0.000478747393190862));
#5251=CARTESIAN_POINT('',(0.0282,0.067820389193287,-0.000478747393190862));
#5252=CARTESIAN_POINT('',(0.0282,0.067820389193287,-0.000478747393190862));
#5253=CARTESIAN_POINT('',(0.0282,0.061820389193287,-0.000478747393190862));
#5254=CARTESIAN_POINT('',(0.0282,0.061820389193287,-0.000478747393190862));
#5255=CARTESIAN_POINT('',(0.0282,0.061820389193287,-0.000478747393190862));
#5256=CARTESIAN_POINT('',(0.0282,0.064820389193287,-0.000478747393190862));
#5257=CARTESIAN_POINT('',(0.0282,0.064820389193287,-0.000478747393190862));
#5258=CARTESIAN_POINT('',(0.0282,0.0589671055373236,-0.0136787473931909));
#5259=CARTESIAN_POINT('',(0.0282,0.0589671055373236,-0.0136787473931909));
#5260=CARTESIAN_POINT('',(0.0282,0.0589671055373236,-0.0136787473931909));
#5261=CARTESIAN_POINT('',(0.0282,0.0353789764466969,-0.0136787473931909));
#5262=CARTESIAN_POINT('',(0.0282,0.0353789764466969,-0.0136787473931909));
#5263=CARTESIAN_POINT('',(0.0282,0.0353789764466969,-0.0136787473931909));
#5264=CARTESIAN_POINT('',(0.0282,0.0471730409920103,-0.0136787473931909));
#5265=CARTESIAN_POINT('',(0.0282,0.0471730409920103,-0.0136787473931909));
#5266=CARTESIAN_POINT('',(-0.0292,0.0469835527686618,-0.000478747393190862));
#5267=CARTESIAN_POINT('',(-0.0292,0.060970389193287,-0.000478747393190862));
#5268=CARTESIAN_POINT('',(-0.03,0.060970389193287,-0.000478747393190862));
#5269=CARTESIAN_POINT('',(-0.0292,0.060970389193287,-0.000478747393190861));
#5270=CARTESIAN_POINT('',(-0.03,0.0469835527686618,-0.000478747393190862));
#5271=CARTESIAN_POINT('',(-0.03,0.050670389193287,-0.000478747393190862));
#5272=CARTESIAN_POINT('',(-0.0292,0.050670389193287,-0.000478747393190862));
#5273=CARTESIAN_POINT('',(-0.0292,0.050670389193287,-0.000478747393190861));
#5274=CARTESIAN_POINT('',(-0.0292,0.0469835527686618,-0.000478747393190862));
#5275=CARTESIAN_POINT('',(-0.0292,0.0469835527686618,-0.00757874739319086));
#5276=CARTESIAN_POINT('',(-0.0292,0.060970389193287,-0.00757874739319086));
#5277=CARTESIAN_POINT('',(-0.0292,0.060970389193287,-0.00147874739319086));
#5278=CARTESIAN_POINT('',(-0.0292,0.050670389193287,-0.00757874739319087));
#5279=CARTESIAN_POINT('',(-0.0292,0.050670389193287,-0.00147874739319087));
#5280=CARTESIAN_POINT('',(-0.0292,0.050245389193287,-0.00147874739319087));
#5281=CARTESIAN_POINT('',(-0.0292,0.049820389193287,-0.00147874739319087));
#5282=CARTESIAN_POINT('',(-0.0292,0.049820389193287,-0.00757874739319086));
#5283=CARTESIAN_POINT('',(-0.0292,0.049820389193287,-0.000478747393190861));
#5284=CARTESIAN_POINT('',(-0.0292,0.0469835527686618,-0.000478747393190862));
#5285=CARTESIAN_POINT('',(-0.0292,0.043,-0.000478747393190861));
#5286=CARTESIAN_POINT('',(-0.0292,0.0409214980087307,-0.00407881844570237));
#5287=CARTESIAN_POINT('',(-0.0292,0.0353789764466969,-0.0136787473931909));
#5288=CARTESIAN_POINT('',(-0.0292,0.0469835527686618,-0.0136787473931909));
#5289=CARTESIAN_POINT('',(-0.0292,0.0589671055373236,-0.0136787473931909));
#5290=CARTESIAN_POINT('',(-0.0292,0.0633937473653053,-0.012898211004985));
#5291=CARTESIAN_POINT('',(-0.0292,0.067820389193287,-0.0121176746167792));
#5292=CARTESIAN_POINT('',(-0.0292,0.067820389193287,-0.00629821100498505));
#5293=CARTESIAN_POINT('',(-0.0292,0.067820389193287,-0.000478747393190861));
#5294=CARTESIAN_POINT('',(-0.0292,0.0469835527686618,-0.000478747393190862));
#5295=CARTESIAN_POINT('',(-0.0292,0.061820389193287,-0.000478747393190861));
#5296=CARTESIAN_POINT('',(-0.0292,0.061820389193287,-0.00757874739319086));
#5297=CARTESIAN_POINT('',(-0.0292,0.061820389193287,-0.00147874739319086));
#5298=CARTESIAN_POINT('',(-0.0292,0.061395389193287,-0.00147874739319086));
#5299=CARTESIAN_POINT('',(-0.0292,0.0445545942008495,-0.00817874739319086));
#5300=CARTESIAN_POINT('',(-0.0292,0.0453045942008495,-0.00817874739319086));
#5301=CARTESIAN_POINT('',(-0.0292,0.0535545942008495,-0.00817874739319086));
#5302=CARTESIAN_POINT('',(-0.0292,0.0543045942008495,-0.00817874739319086));
#5303=CARTESIAN_POINT('',(-0.0292,0.0490545942008495,-0.00817874739319086));
#5304=CARTESIAN_POINT('',(-0.0292,0.0511045942008495,-0.00817874739319086));
#5305=CARTESIAN_POINT('',(-0.03,0.0469835527686618,-0.00757874739319086));
#5306=CARTESIAN_POINT('',(-0.03,0.060970389193287,0.000489394109029664));
#5307=CARTESIAN_POINT('',(-0.03,0.060970389193287,-0.00147874739319086));
#5308=CARTESIAN_POINT('',(-0.03,0.061395389193287,-0.00147874739319086));
#5309=CARTESIAN_POINT('',(-0.03,0.061820389193287,-0.00147874739319086));
#5310=CARTESIAN_POINT('',(-0.03,0.061820389193287,0.000489394109029664));
#5311=CARTESIAN_POINT('',(-0.03,0.061820389193287,-0.000478747393190862));
#5312=CARTESIAN_POINT('',(-0.03,0.0469835527686618,-0.000478747393190862));
#5313=CARTESIAN_POINT('',(-0.03,0.067820389193287,-0.000478747393190862));
#5314=CARTESIAN_POINT('',(-0.03,0.067820389193287,-0.00757874739319086));
#5315=CARTESIAN_POINT('',(-0.03,0.067820389193287,-0.0121176746167792));
#5316=CARTESIAN_POINT('',(-0.03,0.0633937473653053,-0.012898211004985));
#5317=CARTESIAN_POINT('',(-0.03,0.0589671055373236,-0.0136787473931909));
#5318=CARTESIAN_POINT('',(-0.03,0.0469835527686618,-0.0136787473931909));
#5319=CARTESIAN_POINT('',(-0.03,0.0353789764466969,-0.0136787473931909));
#5320=CARTESIAN_POINT('',(-0.03,0.0409214980087307,-0.00407881844570237));
#5321=CARTESIAN_POINT('',(-0.03,0.043,-0.000478747393190861));
#5322=CARTESIAN_POINT('',(-0.03,0.0469835527686618,-0.000478747393190862));
#5323=CARTESIAN_POINT('',(-0.03,0.049820389193287,-0.000478747393190862));
#5324=CARTESIAN_POINT('',(-0.03,0.049820389193287,0.000489394109029664));
#5325=CARTESIAN_POINT('',(-0.03,0.049820389193287,-0.00147874739319087));
#5326=CARTESIAN_POINT('',(-0.03,0.050245389193287,-0.00147874739319087));
#5327=CARTESIAN_POINT('',(-0.03,0.050670389193287,-0.00147874739319087));
#5328=CARTESIAN_POINT('',(-0.03,0.050670389193287,0.000489394109029664));
#5329=CARTESIAN_POINT('',(-0.03,0.0445545942008495,-0.00817874739319086));
#5330=CARTESIAN_POINT('',(-0.03,0.0453045942008495,-0.00817874739319086));
#5331=CARTESIAN_POINT('',(-0.03,0.0535545942008495,-0.00817874739319086));
#5332=CARTESIAN_POINT('',(-0.03,0.0543045942008495,-0.00817874739319086));
#5333=CARTESIAN_POINT('',(-0.03,0.0490545942008495,-0.00817874739319086));
#5334=CARTESIAN_POINT('',(-0.03,0.0511045942008495,-0.00817874739319086));
#5335=CARTESIAN_POINT('',(-0.0292,0.0633937473653053,-0.012898211004985));
#5336=CARTESIAN_POINT('',(-0.0292,0.0589671055373236,-0.0136787473931909));
#5337=CARTESIAN_POINT('',(-0.0292,0.067820389193287,-0.0121176746167792));
#5338=CARTESIAN_POINT('',(-0.0292,0.067820389193287,-0.00629821100498505));
#5339=CARTESIAN_POINT('',(-0.0292,0.067820389193287,-0.000478747393190862));
#5340=CARTESIAN_POINT('',(-0.0292,0.0409214980087307,-0.00407881844570237));
#5341=CARTESIAN_POINT('',(-0.0292,0.0353789764466969,-0.0136787473931909));
#5342=CARTESIAN_POINT('',(-0.0292,0.043,-0.000478747393190862));
#5343=CARTESIAN_POINT('',(-0.0292,0.0445545942008495,-0.00817874739319086));
#5344=CARTESIAN_POINT('',(-0.0292,0.0535545942008495,-0.00817874739319086));
#5345=CARTESIAN_POINT('',(-0.0292,0.0490545942008495,-0.00817874739319086));
#5346=CARTESIAN_POINT('',(-0.0284,0.049820389193287,0.000489394109029664));
#5347=CARTESIAN_POINT('',(-0.0284,0.049820389193287,-0.00147874739319087));
#5348=CARTESIAN_POINT('',(-0.0292,0.049820389193287,-0.000478747393190862));
#5349=CARTESIAN_POINT('',(-0.0284,0.050245389193287,-0.00147874739319087));
#5350=CARTESIAN_POINT('',(-0.0284,0.050670389193287,-0.00147874739319087));
#5351=CARTESIAN_POINT('',(-0.0284,0.050670389193287,0.000489394109029664));
#5352=CARTESIAN_POINT('',(-0.0284,0.060970389193287,0.000489394109029664));
#5353=CARTESIAN_POINT('',(-0.0284,0.060970389193287,-0.00147874739319086));
#5354=CARTESIAN_POINT('',(-0.0284,0.061395389193287,-0.00147874739319086));
#5355=CARTESIAN_POINT('',(-0.0284,0.061820389193287,-0.00147874739319086));
#5356=CARTESIAN_POINT('',(-0.0284,0.061820389193287,0.000489394109029664));
#5357=CARTESIAN_POINT('',(-0.0292,0.061820389193287,-0.000478747393190862));
#5358=CARTESIAN_POINT('',(-0.0236,0.0466988697312383,0.000521252606809139));
#5359=CARTESIAN_POINT('',(-0.0236,0.049820389193287,0.000521252606809139));
#5360=CARTESIAN_POINT('',(-0.0236,0.049820389193287,0.00132125260680914));
#5361=CARTESIAN_POINT('',(-0.0236,0.049820389193287,0.000521252606809139));
#5362=CARTESIAN_POINT('',(-0.0236,0.0466988697312383,0.00132125260680914));
#5363=CARTESIAN_POINT('',(-0.0236,0.0435773502691896,0.00132125260680914));
#5364=CARTESIAN_POINT('',(-0.0236,0.0435773502691896,0.000521252606809139));
#5365=CARTESIAN_POINT('',(-0.0236,0.0435773502691896,0.000521252606809139));
#5366=CARTESIAN_POINT('',(-0.0236,0.0466988697312383,0.000521252606809139));
#5367=CARTESIAN_POINT('',(-0.0264,0.0435773502691896,0.000521252606809139));
#5368=CARTESIAN_POINT('',(-0.0264,0.0435773502691896,0.00132125260680914));
#5369=CARTESIAN_POINT('',(-0.0282,0.0435773502691896,0.00132125260680914));
#5370=CARTESIAN_POINT('',(-0.0282,0.0435773502691896,0.000521252606809138));
#5371=CARTESIAN_POINT('',(-0.0282,0.0435773502691896,0.000521252606809139));
#5372=CARTESIAN_POINT('',(-0.0264,0.0435773502691896,0.000521252606809139));
#5373=CARTESIAN_POINT('',(-0.026,0.0466988697312383,0.000521252606809139));
#5374=CARTESIAN_POINT('',(-0.026,0.0466988697312383,0.000521252606809139));
#5375=CARTESIAN_POINT('',(-0.0272,0.0466988697312383,0.000521252606809139));
#5376=CARTESIAN_POINT('',(-0.026,0.0466988697312383,0.00132125260680914));
#5377=CARTESIAN_POINT('',(-0.0272,0.0466988697312383,0.00132125260680914));
#5378=CARTESIAN_POINT('',(-0.0264,0.049820389193287,0.000521252606809139));
#5379=CARTESIAN_POINT('',(-0.0264,0.049820389193287,0.00132125260680914));
#5380=CARTESIAN_POINT('',(-0.0282,0.049820389193287,0.00132125260680914));
#5381=CARTESIAN_POINT('',(-0.0264,0.049820389193287,0.000521252606809139));
#5382=CARTESIAN_POINT('',(-0.0282,0.049820389193287,0.000521252606809138));
#5383=CARTESIAN_POINT('',(-0.0282,0.049820389193287,0.000521252606809138));
#5384=CARTESIAN_POINT('',(-0.0264,0.0466988697312383,0.000521252606809139));
#5385=CARTESIAN_POINT('',(-0.0282,0.0466988697312383,0.000521252606809138));
#5386=CARTESIAN_POINT('',(-0.0264,0.0466988697312383,0.00132125260680914));
#5387=CARTESIAN_POINT('',(-0.0282,0.0466988697312383,0.00132125260680914));
#5388=CARTESIAN_POINT('',(-0.0282,0.0435773502691896,0.00132125260680914));
#5389=CARTESIAN_POINT('',(-0.028318193334233,0.0435912293783427,0.00132125260680914));
#5390=CARTESIAN_POINT('',(-0.0284361842279397,0.0435999059356472,0.00130957476505176));
#5391=CARTESIAN_POINT('',(-0.0286094923409917,0.0436051183626431,0.00127504444322145));
#5392=CARTESIAN_POINT('',(-0.0286666492496088,0.043605555357992,0.00126070569630207));
#5393=CARTESIAN_POINT('',(-0.0287510591128375,0.0436042601305409,0.00123507829728513));
#5394=CARTESIAN_POINT('',(-0.0287789749606305,0.0436035032679781,0.00122584969661622));
#5395=CARTESIAN_POINT('',(-0.0288342992377423,0.0436013393026944,0.00120604568627482));
#5396=CARTESIAN_POINT('',(-0.0288622805053544,0.043599895614424,0.00119523299992233));
#5397=CARTESIAN_POINT('',(-0.028995028869868,0.0435914174281705,0.00114024682695795));
#5398=CARTESIAN_POINT('',(-0.0290983442378425,0.0435794928356151,0.00108549579810781));
#5399=CARTESIAN_POINT('',(-0.0292455107074216,0.0435538928814527,0.000987669035885197));
#5400=CARTESIAN_POINT('',(-0.0292932634317979,0.0435440740525104,0.00095245127545463));
#5401=CARTESIAN_POINT('',(-0.0293624952525279,0.0435274175427647,0.000895841064479249));
#5402=CARTESIAN_POINT('',(-0.0293851729655116,0.0435215439951274,0.000876340934211922));
#5403=CARTESIAN_POINT('',(-0.0294185349059874,0.0435122516070884,0.000846166761085172));
#5404=CARTESIAN_POINT('',(-0.0294295464500305,0.0435090737999782,0.000835954741577785));
#5405=CARTESIAN_POINT('',(-0.0294458932275075,0.0435041865726672,0.000820408721230371));
#5406=CARTESIAN_POINT('',(-0.0294513137304639,0.0435025374107892,0.000815188718115973));
#5407=CARTESIAN_POINT('',(-0.0294620967463279,0.043499198914818,0.00080467323742868));
#5408=CARTESIAN_POINT('',(-0.0294678952793079,0.0434973698190606,0.000798941739772774));
#5409=CARTESIAN_POINT('',(-0.0295511430353813,0.0434706856239363,0.000715693983699414));
#5410=CARTESIAN_POINT('',(-0.0296247599843323,0.043440623364188,0.00062756997458136));
#5411=CARTESIAN_POINT('',(-0.02972379338126,0.0433881083898244,0.000481212769537426));
#5412=CARTESIAN_POINT('',(-0.0297549012064957,0.0433693664675797,0.000430076791973934));
#5413=CARTESIAN_POINT('',(-0.0297981417205195,0.0433393981880274,0.000350024488276275));
#5414=CARTESIAN_POINT('',(-0.0298119848790395,0.0433290995288124,0.000322783197296998));
#5415=CARTESIAN_POINT('',(-0.0298318225032504,0.0433131876909435,0.000281115721008439));
#5416=CARTESIAN_POINT('',(-0.0298382805226389,0.0433078064368129,0.000267092363685116));
#5417=CARTESIAN_POINT('',(-0.0298477268078141,0.0432996185933553,0.000245860342248968));
#5418=CARTESIAN_POINT('',(-0.029850835445562,0.0432968699851592,0.000238750174603719));
#5419=CARTESIAN_POINT('',(-0.0298554370967025,0.0432927180822996,0.000228036255381807));
#5420=CARTESIAN_POINT('',(-0.029856960762843,0.0432913292829189,0.000224456837919358));
#5421=CARTESIAN_POINT('',(-0.0298599874734981,0.0432885420206355,0.000217281879240661));
#5422=CARTESIAN_POINT('',(-0.029861763430601,0.0432868869810308,0.000213027468751552));
#5423=CARTESIAN_POINT('',(-0.0299410457453572,0.0432123503135498,2.16230292108247E-5));
#5424=CARTESIAN_POINT('',(-0.03,0.0431174283171385,-0.000210754708518239));
#5425=CARTESIAN_POINT('',(-0.03,0.043,-0.000478747393190858));
#5426=CARTESIAN_POINT('',(-0.0282,0.0435773502691896,0.000521252606809139));
#5427=CARTESIAN_POINT('',(-0.0282656629193591,0.0435912293690206,0.000521252606809139));
#5428=CARTESIAN_POINT('',(-0.0283312134599665,0.0435999059356472,0.00051476491694393));
#5429=CARTESIAN_POINT('',(-0.0284274957449954,0.0436051183626431,0.000495581404815977));
#5430=CARTESIAN_POINT('',(-0.028459249583116,0.043605555357992,0.000487615434305209));
#5431=CARTESIAN_POINT('',(-0.0285061439515764,0.0436042601305409,0.000473377990406914));
#5432=CARTESIAN_POINT('',(-0.0285216527559058,0.0436035032679781,0.000468250990035296));
#5433=CARTESIAN_POINT('',(-0.0285523884654124,0.0436013393026944,0.000457248762067853));
#5434=CARTESIAN_POINT('',(-0.0285679336140858,0.043599895614424,0.000451241714094244));
#5435=CARTESIAN_POINT('',(-0.0286416827054823,0.0435914174281705,0.000420693840225144));
#5436=CARTESIAN_POINT('',(-0.0286990801321347,0.0435794928356151,0.000390276601975064));
#5437=CARTESIAN_POINT('',(-0.0287808392819009,0.0435538928814527,0.000335928400740282));
#5438=CARTESIAN_POINT('',(-0.0288073685732211,0.0435440740525104,0.000316362978278856));
#5439=CARTESIAN_POINT('',(-0.0288458306958489,0.0435274175427647,0.000284912861070311));
#5440=CARTESIAN_POINT('',(-0.0288584294252842,0.0435215439951274,0.00027407945536624));
#5441=CARTESIAN_POINT('',(-0.0288769638366596,0.0435122516070884,0.000257316025851379));
#5442=CARTESIAN_POINT('',(-0.028883081361128,0.0435090737999782,0.000251642681680608));
#5443=CARTESIAN_POINT('',(-0.0288921629041708,0.0435041865726672,0.000243006003709822));
#5444=CARTESIAN_POINT('',(-0.0288951742947021,0.0435025374107892,0.000240106001979602));
#5445=CARTESIAN_POINT('',(-0.0289011648590711,0.043499198914818,0.000234264068264439));
#5446=CARTESIAN_POINT('',(-0.0289043862662822,0.0434973698190606,0.000231079902900047));
#5447=CARTESIAN_POINT('',(-0.0289506350196563,0.0434706856239363,0.000184831149525959));
#5448=CARTESIAN_POINT('',(-0.028991533324629,0.043440623364188,0.000135873366682595));
#5449=CARTESIAN_POINT('',(-0.0290465518784778,0.0433881083898244,5.45638083248539E-5));
#5450=CARTESIAN_POINT('',(-0.0290638340036087,0.0433693664675797,2.61549319006914E-5));
#5451=CARTESIAN_POINT('',(-0.0290878565113997,0.0433393981880274,-1.83185701535638E-5));
#5452=CARTESIAN_POINT('',(-0.0290955471550219,0.0433290995288124,-3.34526206976069E-5));
#5453=CARTESIAN_POINT('',(-0.0291065680573613,0.0433131876909435,-5.66012186356948E-5));
#5454=CARTESIAN_POINT('',(-0.0291101558459104,0.0433078064368129,-6.43919727042072E-5));
#5455=CARTESIAN_POINT('',(-0.029115403782119,0.0432996185933553,-7.61875401687342E-5));
#5456=CARTESIAN_POINT('',(-0.0291171308030899,0.0432968699851592,-8.01376333049838E-5));
#5457=CARTESIAN_POINT('',(-0.0291196872759459,0.0432927180822996,-8.60898106504899E-5));
#5458=CARTESIAN_POINT('',(-0.029120533757135,0.0432913292829189,-8.80783759074061E-5));
#5459=CARTESIAN_POINT('',(-0.0291222152630546,0.0432885420206355,-9.20644640622376E-5));
#5460=CARTESIAN_POINT('',(-0.0291232019058894,0.0432868869810308,-9.44280254450766E-5));
#5461=CARTESIAN_POINT('',(-0.0291672476363096,0.0432123503135498,-0.000200763825189924));
#5462=CARTESIAN_POINT('',(-0.0292,0.04311734221065,-0.000329971740928151));
#5463=CARTESIAN_POINT('',(-0.0292,0.043,-0.00047874739319086));
#5464=CARTESIAN_POINT('',(-0.0282,0.0435773502691896,0.000521252606809138));
#5465=CARTESIAN_POINT('',(-0.0284626458871919,0.0436328654446355,0.000521252606809139));
#5466=CARTESIAN_POINT('',(-0.0288515212244166,0.0435905243200858,0.000363354479721446));
#5467=CARTESIAN_POINT('',(-0.0291479030071347,0.0432922381332168,-9.42635044850593E-5));
#5468=CARTESIAN_POINT('',(-0.0292,0.0431171035591932,-0.000330274321951145));
#5469=CARTESIAN_POINT('',(-0.0292,0.043,-0.00047874739319086));
#5470=CARTESIAN_POINT('',(-0.0282,0.0435773502691896,0.00132125260680914));
#5471=CARTESIAN_POINT('',(-0.0284363812984727,0.0436051078569126,0.00132125260680914));
#5472=CARTESIAN_POINT('',(-0.0289042036751881,0.043620543234857,0.00123118727538442));
#5473=CARTESIAN_POINT('',(-0.0294121141614278,0.0435281211688692,0.000883848060828698));
#5474=CARTESIAN_POINT('',(-0.0296957303927998,0.0434126737306357,0.000544970474266246));
#5475=CARTESIAN_POINT('',(-0.029878753703235,0.0432837260558197,0.000200980466059348));
#5476=CARTESIAN_POINT('',(-0.0299671537453823,0.0431668636245026,-8.83956281057891E-5));
#5477=CARTESIAN_POINT('',(-0.03,0.0430585517795966,-0.000345121629075115));
#5478=CARTESIAN_POINT('',(-0.03,0.043,-0.000478747393190859));
#5479=CARTESIAN_POINT('',(-0.0282,0.049820389193287,-0.000478747393190862));
#5480=CARTESIAN_POINT('',(-0.0282,0.049820389193287,-0.000478747393190862));
#5481=CARTESIAN_POINT('',(-0.0282,0.049820389193287,-0.000478747393190862));
#5482=CARTESIAN_POINT('',(-0.0282,0.0466988697312383,-0.000478747393190862));
#5483=CARTESIAN_POINT('',(-0.0282,0.0466988697312383,-0.000478747393190862));
#5484=CARTESIAN_POINT('',(-0.0236,0.064820389193287,0.000521252606809139));
#5485=CARTESIAN_POINT('',(-0.0236,0.067820389193287,0.000521252606809139));
#5486=CARTESIAN_POINT('',(-0.0236,0.067820389193287,0.00132125260680914));
#5487=CARTESIAN_POINT('',(-0.0236,0.067820389193287,0.000521252606809139));
#5488=CARTESIAN_POINT('',(-0.0236,0.064820389193287,0.00132125260680914));
#5489=CARTESIAN_POINT('',(-0.0236,0.061820389193287,0.00132125260680914));
#5490=CARTESIAN_POINT('',(-0.0236,0.061820389193287,0.000521252606809139));
#5491=CARTESIAN_POINT('',(-0.0236,0.061820389193287,0.000521252606809139));
#5492=CARTESIAN_POINT('',(-0.0236,0.064820389193287,0.000521252606809139));
#5493=CARTESIAN_POINT('',(-0.0264,0.061820389193287,0.000521252606809139));
#5494=CARTESIAN_POINT('',(-0.0264,0.061820389193287,0.00132125260680914));
#5495=CARTESIAN_POINT('',(-0.0282,0.061820389193287,0.00132125260680914));
#5496=CARTESIAN_POINT('',(-0.0282,0.061820389193287,0.000521252606809138));
#5497=CARTESIAN_POINT('',(-0.0282,0.061820389193287,0.000521252606809138));
#5498=CARTESIAN_POINT('',(-0.0264,0.061820389193287,0.000521252606809139));
#5499=CARTESIAN_POINT('',(-0.026,0.064820389193287,0.000521252606809139));
#5500=CARTESIAN_POINT('',(-0.026,0.064820389193287,0.000521252606809139));
#5501=CARTESIAN_POINT('',(-0.0272,0.064820389193287,0.000521252606809139));
#5502=CARTESIAN_POINT('',(-0.026,0.064820389193287,0.00132125260680914));
#5503=CARTESIAN_POINT('',(-0.0272,0.064820389193287,0.00132125260680914));
#5504=CARTESIAN_POINT('',(-0.0264,0.067820389193287,0.000521252606809139));
#5505=CARTESIAN_POINT('',(-0.0264,0.067820389193287,0.00132125260680914));
#5506=CARTESIAN_POINT('',(-0.0282,0.067820389193287,0.00132125260680914));
#5507=CARTESIAN_POINT('',(-0.0264,0.067820389193287,0.000521252606809139));
#5508=CARTESIAN_POINT('',(-0.0282,0.067820389193287,0.000521252606809138));
#5509=CARTESIAN_POINT('',(-0.0282,0.067820389193287,0.000521252606809138));
#5510=CARTESIAN_POINT('',(-0.0264,0.064820389193287,0.000521252606809139));
#5511=CARTESIAN_POINT('',(-0.0282,0.064820389193287,0.000521252606809138));
#5512=CARTESIAN_POINT('',(-0.0264,0.064820389193287,0.00132125260680914));
#5513=CARTESIAN_POINT('',(-0.0282,0.064820389193287,0.00132125260680914));
#5514=CARTESIAN_POINT('',(-0.0282,0.061820389193287,-0.000478747393190862));
#5515=CARTESIAN_POINT('',(-0.0282,0.061820389193287,-0.000478747393190862));
#5516=CARTESIAN_POINT('',(-0.0282,0.061820389193287,-0.000478747393190862));
#5517=CARTESIAN_POINT('',(-0.0282,0.067820389193287,-0.000478747393190862));
#5518=CARTESIAN_POINT('',(-0.0282,0.067820389193287,-0.000478747393190862));
#5519=CARTESIAN_POINT('',(-0.0282,0.067820389193287,-0.000478747393190862));
#5520=CARTESIAN_POINT('',(-0.0282,0.064820389193287,-0.000478747393190862));
#5521=CARTESIAN_POINT('',(-0.0282,0.064820389193287,-0.000478747393190862));
#5522=CARTESIAN_POINT('',(-0.0282,0.0353789764466969,-0.0136787473931909));
#5523=CARTESIAN_POINT('',(-0.0282,0.0353789764466969,-0.0136787473931909));
#5524=CARTESIAN_POINT('',(-0.0282,0.0353789764466969,-0.0136787473931909));
#5525=CARTESIAN_POINT('',(-0.0282,0.0589671055373236,-0.0136787473931909));
#5526=CARTESIAN_POINT('',(-0.0282,0.0589671055373236,-0.0136787473931909));
#5527=CARTESIAN_POINT('',(-0.0282,0.0589671055373236,-0.0136787473931909));
#5528=CARTESIAN_POINT('',(-0.0282,0.0471730409920103,-0.0136787473931909));
#5529=CARTESIAN_POINT('',(-0.0282,0.0471730409920103,-0.0136787473931909));
#5530=CARTESIAN_POINT('',(-0.018775,-0.0467454057991505,-0.00447874739319086));
#5531=CARTESIAN_POINT('',(-0.018775,-0.0459454057991505,-0.00447874739319086));
#5532=CARTESIAN_POINT('',(-0.017775,-0.0459454057991505,-0.00447874739319086));
#5533=CARTESIAN_POINT('',(-0.015775,-0.0459454057991505,-0.00447874739319086));
#5534=CARTESIAN_POINT('',(-0.017775,-0.0467454057991505,-0.00447874739319086));
#5535=CARTESIAN_POINT('',(-0.017775,-0.0467454057991505,-0.00447874739319086));
#5536=CARTESIAN_POINT('',(-0.018775,-0.0467454057991505,-0.00447874739319086));
#5537=CARTESIAN_POINT('',(-0.015775,-0.0467454057991505,-0.00447874739319086));
#5538=CARTESIAN_POINT('',(-0.015775,-0.0467454057991505,-0.00447874739319086));
#5539=CARTESIAN_POINT('',(-0.021775,-0.0467454057991505,-0.00957874739319086));
#5540=CARTESIAN_POINT('',(-0.021775,-0.0467454057991505,-0.00957874739319086));
#5541=CARTESIAN_POINT('',(-0.021775,-0.0467454057991505,-0.0136787473931909));
#5542=CARTESIAN_POINT('',(-0.021775,-0.0467454057991505,-0.00847874739319086));
#5543=CARTESIAN_POINT('',(-0.021775,-0.0467454057991505,-0.00847874739319086));
#5544=CARTESIAN_POINT('',(-0.021775,-0.0459454057991505,-0.00847874739319086));
#5545=CARTESIAN_POINT('',(-0.021775,-0.0459454057991505,-0.00957874739319086));
#5546=CARTESIAN_POINT('',(-0.021775,-0.0459454057991505,-0.0136787473931909));
#5547=CARTESIAN_POINT('',(-0.021775,-0.0467454057991505,-0.0136787473931909));
#5548=CARTESIAN_POINT('',(-0.017925,-0.0467454057991505,-0.00767874739319087));
#5549=CARTESIAN_POINT('',(-0.017925,-0.0467454057991505,-0.00767874739319087));
#5550=CARTESIAN_POINT('',(-0.017925,-0.0467454057991505,-0.00892874739319087));
#5551=CARTESIAN_POINT('',(-0.017925,-0.0459454057991505,-0.00767874739319087));
#5552=CARTESIAN_POINT('',(-0.017925,-0.0459454057991505,-0.00892874739319087));
#5553=CARTESIAN_POINT('',(-0.015775,-0.0467454057991505,-0.00957874739319086));
#5554=CARTESIAN_POINT('',(-0.015775,-0.0459454057991505,-0.00957874739319086));
#5555=CARTESIAN_POINT('',(-0.015775,-0.0459454057991505,-0.0136787473931909));
#5556=CARTESIAN_POINT('',(-0.015775,-0.0467454057991505,-0.00957874739319086));
#5557=CARTESIAN_POINT('',(-0.015775,-0.0467454057991505,-0.0136787473931909));
#5558=CARTESIAN_POINT('',(-0.015775,-0.0467454057991505,-0.0136787473931909));
#5559=CARTESIAN_POINT('',(-0.018775,-0.0467454057991505,-0.00957874739319086));
#5560=CARTESIAN_POINT('',(-0.020825,-0.0467454057991505,-0.00752874739319086));
#5561=CARTESIAN_POINT('',(0.,-0.0467454057991505,-0.0136787473931909));
#5562=CARTESIAN_POINT('',(-0.018775,-0.0459454057991505,-0.00957874739319086));
#5563=CARTESIAN_POINT('',(-0.017775,-0.0459454057991505,-0.00447874739319086));
#5564=CARTESIAN_POINT('',(0.,-0.0459454057991505,-0.0136787473931909));
#5565=CARTESIAN_POINT('',(-0.017775,-0.0467454057991505,-0.00447874739319086));
#5566=CARTESIAN_POINT('',(-0.021775,-0.0477454057991505,-0.0136787473931909));
#5567=CARTESIAN_POINT('',(-0.021775,-0.0477454057991505,-0.0136787473931909));
#5568=CARTESIAN_POINT('',(-0.021775,-0.0477454057991505,-0.0136787473931909));
#5569=CARTESIAN_POINT('',(-0.015775,-0.0477454057991505,-0.0136787473931909));
#5570=CARTESIAN_POINT('',(-0.015775,-0.0477454057991505,-0.0136787473931909));
#5571=CARTESIAN_POINT('',(-0.015775,-0.0477454057991505,-0.0136787473931909));
#5572=CARTESIAN_POINT('',(-0.018775,-0.0477454057991505,-0.0136787473931909));
#5573=CARTESIAN_POINT('',(-0.018775,-0.0477454057991505,-0.0136787473931909));
#5574=CARTESIAN_POINT('',(0.00945,-0.0467454057991505,-0.00447874739319086));
#5575=CARTESIAN_POINT('',(0.00945,-0.0467454057991505,-0.00447874739319086));
#5576=CARTESIAN_POINT('',(0.00645,-0.0467454057991505,-0.00447874739319086));
#5577=CARTESIAN_POINT('',(0.00845,-0.0467454057991505,-0.00447874739319086));
#5578=CARTESIAN_POINT('',(0.00845,-0.0467454057991505,-0.00447874739319086));
#5579=CARTESIAN_POINT('',(0.00845,-0.0459454057991505,-0.00447874739319086));
#5580=CARTESIAN_POINT('',(0.00945,-0.0459454057991505,-0.00447874739319086));
#5581=CARTESIAN_POINT('',(0.00645,-0.0459454057991505,-0.00447874739319086));
#5582=CARTESIAN_POINT('',(0.00645,-0.0467454057991505,-0.00447874739319086));
#5583=CARTESIAN_POINT('',(0.00645,-0.0467454057991505,-0.00957874739319086));
#5584=CARTESIAN_POINT('',(0.00645,-0.0459454057991505,-0.00957874739319086));
#5585=CARTESIAN_POINT('',(0.00645,-0.0459454057991505,-0.0136787473931909));
#5586=CARTESIAN_POINT('',(0.00645,-0.0467454057991505,-0.0136787473931909));
#5587=CARTESIAN_POINT('',(0.00645,-0.0467454057991505,-0.0136787473931909));
#5588=CARTESIAN_POINT('',(0.00645,-0.0467454057991505,-0.00957874739319086));
#5589=CARTESIAN_POINT('',(0.008425,-0.0467454057991505,-0.00767874739319086));
#5590=CARTESIAN_POINT('',(0.008425,-0.0467454057991505,-0.00767874739319086));
#5591=CARTESIAN_POINT('',(0.008425,-0.0467454057991505,-0.00892874739319086));
#5592=CARTESIAN_POINT('',(0.008425,-0.0459454057991505,-0.00767874739319086));
#5593=CARTESIAN_POINT('',(0.008425,-0.0459454057991505,-0.00892874739319086));
#5594=CARTESIAN_POINT('',(0.01245,-0.0467454057991505,-0.00957874739319086));
#5595=CARTESIAN_POINT('',(0.01245,-0.0459454057991505,-0.00957874739319086));
#5596=CARTESIAN_POINT('',(0.01245,-0.0459454057991505,-0.00847874739319086));
#5597=CARTESIAN_POINT('',(0.01245,-0.0459454057991505,-0.0136787473931909));
#5598=CARTESIAN_POINT('',(0.01245,-0.0467454057991505,-0.00847874739319086));
#5599=CARTESIAN_POINT('',(0.01245,-0.0467454057991505,-0.00847874739319086));
#5600=CARTESIAN_POINT('',(0.01245,-0.0467454057991505,-0.00957874739319086));
#5601=CARTESIAN_POINT('',(0.01245,-0.0467454057991505,-0.0136787473931909));
#5602=CARTESIAN_POINT('',(0.01245,-0.0467454057991505,-0.0136787473931909));
#5603=CARTESIAN_POINT('',(0.00945,-0.0467454057991505,-0.00957874739319086));
#5604=CARTESIAN_POINT('',(0.0115,-0.0467454057991505,-0.00752874739319086));
#5605=CARTESIAN_POINT('',(0.00945,-0.0467454057991505,-0.0136787473931909));
#5606=CARTESIAN_POINT('',(0.00945,-0.0459454057991505,-0.00957874739319086));
#5607=CARTESIAN_POINT('',(0.01245,-0.0459454057991505,-0.00847874739319086));
#5608=CARTESIAN_POINT('',(0.00945,-0.0459454057991505,-0.0136787473931909));
#5609=CARTESIAN_POINT('',(0.01245,-0.0467454057991505,-0.00847874739319086));
#5610=CARTESIAN_POINT('',(0.00645,-0.0477454057991505,-0.0136787473931909));
#5611=CARTESIAN_POINT('',(0.00645,-0.0477454057991505,-0.0136787473931909));
#5612=CARTESIAN_POINT('',(0.00645,-0.0477454057991505,-0.0136787473931909));
#5613=CARTESIAN_POINT('',(0.01245,-0.0477454057991505,-0.0136787473931909));
#5614=CARTESIAN_POINT('',(0.01245,-0.0477454057991505,-0.0136787473931909));
#5615=CARTESIAN_POINT('',(0.01245,-0.0477454057991505,-0.0136787473931909));
#5616=CARTESIAN_POINT('',(0.00945,-0.0477454057991505,-0.0136787473931909));
#5617=CARTESIAN_POINT('',(0.00945,-0.0477454057991505,-0.0136787473931909));
#5618=MECHANICAL_DESIGN_GEOMETRIC_PRESENTATION_REPRESENTATION('',(#3315),
#5619);
#5619=(
GEOMETRIC_REPRESENTATION_CONTEXT(3)
GLOBAL_UNCERTAINTY_ASSIGNED_CONTEXT((#5620))
GLOBAL_UNIT_ASSIGNED_CONTEXT((#5623,#5622,#5621))
REPRESENTATION_CONTEXT('or.sheetmetal.base','TOP_LEVEL_ASSEMBLY_PART')
);
#5620=UNCERTAINTY_MEASURE_WITH_UNIT(LENGTH_MEASURE(2.E-5),#5623,
'DISTANCE_ACCURACY_VALUE','Maximum Tolerance applied to model');
#5621=(
NAMED_UNIT(*)
SI_UNIT($,.STERADIAN.)
SOLID_ANGLE_UNIT()
);
#5622=(
NAMED_UNIT(*)
PLANE_ANGLE_UNIT()
SI_UNIT($,.RADIAN.)
);
#5623=(
LENGTH_UNIT()
NAMED_UNIT(*)
SI_UNIT($,.METRE.)
);
#5624=PRODUCT_DEFINITION_SHAPE('','',#5625);
#5625=PRODUCT_DEFINITION('','',#5627,#5626);
#5626=PRODUCT_DEFINITION_CONTEXT('',#5633,'design');
#5627=PRODUCT_DEFINITION_FORMATION_WITH_SPECIFIED_SOURCE('','',#5629,
 .NOT_KNOWN.);
#5628=PRODUCT_RELATED_PRODUCT_CATEGORY('','',(#5629));
#5629=PRODUCT('or.sheetmetal.base','or.sheetmetal.base',
'or.sheetmetal.base',(#5631));
#5630=PRODUCT_CATEGORY('','');
#5631=PRODUCT_CONTEXT('',#5633,'mechanical');
#5632=APPLICATION_PROTOCOL_DEFINITION('international standard',
'automotive_design',2010,#5633);
#5633=APPLICATION_CONTEXT(
'core data for automotive mechanical design processes');
ENDSEC;
END-ISO-10303-21;
